sub_district_id,district_id,name
1,1,Asifabad
2,1,Boath
3,1,Adilabad
4,1,Bellampalle
5,1,Luxettipet
6,1,Chennur
7,1,Nirmal
8,1,Khanapur
9,1,Sirpur (t)
10,1,Kagaznagar
11,1,Utnoor
12,1,Mudhole
13,1,Sirpur(t)
14,1,Na
15,1,Neradigonda
16,1,Kubeer
17,1,Chennoor
18,1,Kaddam (peddur)
19,1,Mancherial
20,1,Tamsi
21,1,Sirpur
22,1,Mandamarri
23,1,Jainad
24,1,Bhainsa
25,1,Lokeswaram
26,1,Bazarhathnoor
27,1,Bejjur
28,1,Kerameri
29,1,Narnoor
30,1,Tiryani
31,1,Bela
32,1,Jainoor
33,2,Jangaon
34,2,Mulug
35,2,Narmitta
36,2,Bhupalapalli
37,2,Cherial
38,2,Mogullapalli
39,2,Mangapet
40,2,Atmakur
41,2,Narmetta
42,2,Buchannapet
43,2,Hasanparthy
44,2,Devaruppula
45,2,Maddur
46,2,Raghunathapalli
47,2,Raghunathpalli
48,2,Hanamkonda
49,2,Tadvai
50,2,Regonda
51,2,Na
52,2,Palakurthy
53,2,Bachannapet
54,2,Ghanpur (mulug)
55,2,Govindaraopet
56,2,Eturunagaram
57,2,Ghanpur Station
58,2,Chityal
59,2,Lingalaghanpur
60,2,Parkal
61,2,China Raman Cherla
62,2,Ghanpur Stn
63,2,Chiryal
64,2,Dharmasagar
65,2,Devaruppala
66,2,Ghanpur(m)
67,2,Shayampet
68,2,Zafargadh
69,2,Warangal
70,2,Lingal Ghanpur
71,2,Venkatapur
72,2,Eturnagaram
73,2,Ghanpur (station)
74,2,Lingala Ghanpur
75,2,Chelpur
76,2,Zafargaddah
77,2,Kodakandla
78,2,Ghanpur(mulug)
79,2,Duggondi
80,2,Mogullapally
81,2,So
82,2,Nallabelli
83,2,Bhupalpalle
84,2,Raghunathplli
85,2,Devaruppal
86,2,Raghunathpalle
87,2,Mogullapalle
88,2,Nallbelli
89,2,Zafargadah
90,2,Zaffargaddh
91,2,Hasanaparthy
92,3,Gangadhara
93,3,Yellareddipet
94,3,Gollapalli
95,3,Koratla
96,3,Pegadapalli
97,3,Husnabad
98,3,Thimmapur
99,3,Raikal
100,3,Na
101,3,Kathalapur
102,3,Ibrahimpatnam
103,3,Ellanthakunta
104,3,Boenpalli
105,3,Manakondur
106,3,Vemulawada
107,3,Jagtial
108,3,Choppadandi
109,3,Sarangapur
110,3,Karimnagar
111,3,Metpalli
112,3,Sirsilla
113,3,Mallial
114,3,Kishandaspet
115,3,Mustabad
116,3,Chandurthi
117,3,Koheda
118,3,Konaraopet
119,3,Bejjanki
120,3,Medpalli
121,3,Dharmapuri
122,3,Kodimial
123,3,Chigurumamidi
124,3,Mallapur
125,3,Gambhiraopet
126,3,Ramadugu
127,3,Velgatur
128,3,Sircilla
129,3,Medapalli
130,3,Yellareddypet
131,3,Nizamabad Division
132,3,Chendurthy
133,3,Metpalle
134,3,Boenpali
135,3,Koratal
136,3,Jullapalli
137,3,Ellanthkunta
138,3,Hunsabad
139,3,Chendurthi
140,3,Dharmaram
141,4,Na
142,5,Na
143,4,Gadwal
144,4,Mahbubnagar
145,4,Kodangal
146,4,Devarkadra
147,4,Mahabubnagar H.o
148,4,Narayanpet
149,4,Mahabub Nagar
150,6,Na
151,6,Dubbak
152,6,Siddipet
153,6,Gujvail
154,6,Medak
155,6,Papannapet
156,7,Nalgodna
157,7,Nalgonda
158,7,Alair
159,7,Chandur
160,7,Na
161,7,Bibinagar
162,7,Bhongir
163,7,Bhongiri
164,7,Munugode
165,7,Cc
166,7,Nalgolnda
167,7,Pedda Adiserla Palle
168,7,Vv
169,7,Yadagarigutta
170,7,Devarakonda
171,7,Narayanapur
172,7,Nalognda
173,7,Anumula
174,7,Choutuppal
175,7,Marriguda
176,7,Mothkur
177,7,Bb
178,7,Nalgoda
179,7,Cxc
180,7,Peddavoora
181,7,Pochampalle
182,7,Nalgnda
183,7,Ramannapeta So
184,7,Valigonda
185,7,Yadagirigutta
186,8,Nizamabad
187,8,Kamareddy
188,8,Yellareddy
189,8,Armoor
190,8,Na
191,8,Banswada
192,8,Bhiknoor
193,8,Bheemgal
194,8,Bodhan
195,8,Dichpalle
196,8,Dharpalle
197,8,Madnoor
198,8,Yedpalle
199,8,Machareddy
200,8,Varni
201,8,Lingampet
202,8,Bichkunda
203,8,Armur
204,3,Ramagundam
205,3,Peddapalli
206,3,Huzurabad
207,3,Saidapur
208,3,Kamanpur
209,3,Peddapalle
210,3,Veenavanka
211,3,Bheemadevarpalle
212,3,Manthani
213,3,Srirampur
214,3,Sultanabad
215,3,Jammikunta
216,3,Shankarapatnam
217,3,Kataram
218,3,Julapalle
219,6,Ramachandrapuram
220,6,Narayankhed
221,6,R.c.puram
222,6,Narsapur
223,6,Jogipet
224,6,Zaheerabad
225,6,Alladurg
226,6,Sadasivpet
227,6,Sangareddy
228,6,Andole
229,6,Zahirabad
230,6,Patancheru
231,6,Shankarampet (a)
232,7,Miryalguda
233,7,Nakrekal
234,7,Thungathurthy
235,7,Huzurnagar
236,7,Miryalgudda
237,7,Suryapet
238,7,Thungathurthi
239,7,Kodad
240,7,Miryalaguda
241,7,Suryap[et
242,7,Tirumalgiri
243,7,Suryapet Ho
244,4,Achampet
245,4,Kondurgu
246,4,Tadoor
247,4,Veldanda
248,4,Kothakota
249,4,Amangal
250,4,Thelkapally
251,4,Cckunta
252,4,Keshampet
253,4,Lingala
254,5,Maheswaram
255,4,Veepangandla
256,4,Amrabad
257,4,Balmoor
258,4,Madgul
259,4,Farooqnagar
260,4,Thimmajipet
261,4,Pebbair
262,4,Balanagar
263,4,Bijnapally
264,4,Pangal
265,4,Gopalpet
266,4,Wanaparthy
267,4,Peddakothapally
268,4,Nagarkurnool
269,4,Vangoor
270,4,Talakondapally
271,4,Kothur
272,4,Amnagal
273,4,Farooqnqgar
274,4,Kollapur
275,4,Lingal
276,4,Jadcherla
277,4,Wanapathy
278,4,Kalwakurthy
279,4,Thadoor
280,5,Shahabad
281,4,Midjil
282,4,Kodair
283,4,Uppanunthala
284,4,Uppununthala
285,4,Peddamandadi
286,4,Uppunuthala
287,4,Bhootpur
288,5,Kandukur
289,4,Kalwakurhy
290,4,Shamshabad
291,4,Pedda Mandadi
292,4,Palem
293,5,Farooqnagar
294,4,Shadnagar
295,4,Stn. Jadcherla
296,5,Shamshabad
297,4,Boothpur
298,2,Wardhannapet
299,2,Maripeda
300,2,Narasimulapet
301,2,Mahabubabad
302,2,Kesamudram
303,2,Mah'bad
304,2,Nekkonda
305,2,Dornakal
306,2,Turrur
307,2,Parvathagiri
308,2,Sangam
309,2,Narsampet
310,2,Gudur
311,2,Kuravi
312,2,Narsimulapet
313,2,Kothaguda
314,2,Kodakandal
315,2,Parwathagiri
316,2,Neerada
317,2,Chennaraopet
318,2,Sangem
319,2,Hanamkonda Mandal
320,2,Zaffargadh
321,2,Narsimhulapet
322,2,Geesugonda
323,2,Samgem
324,2,Geegugonda
325,2,Geesungonda Mandal
326,2,Turrrur
327,2,Kadakandla
328,2,Raiparthy
329,2,Kodakondla
330,2,Atmakur Mandall
331,2,Nallikaddur
332,2,Chennraopet
333,2,Geesugonda Mandal
334,2,Nallikaddr
335,2,Redlawada
336,2,Ggesugonda
337,2,Hasnparthy
338,2,Raiparhty
339,2,Zaffargadgh
340,9,Khairatabad
341,9,Rajendra Nagar
342,5,Rajendranagar
343,5,Moinabad
344,5,Balanagar
345,9,Na
346,9,Rajendranagar
347,9,Serilingampally
348,9,Shaikpet
349,9,Golconda
350,9,Ameerpet
351,5,Seri Lingampally
352,9,Himayathnagar
353,9,Nampally
354,5,Rajendra Nagar
355,9,Asifnagar
356,5,Shankarpally
357,5,Serilingampally
358,9,Seri Lingampally
359,9,Balanagar
360,9,Hyderabad
361,5,Rangareddy
362,9,Musheerabad
363,9,Amberpet
364,5,Saroornagar
365,9,Ghatkesar
366,9,Bandlaguda
367,9,Charminar
368,9,Saroornagar
369,9,Hayathnagar
370,5,Hayathnagar
371,9,Uppal
372,9,Bahadurpura
373,5,Ibrahimpatnam
374,5,Uppal
375,9,Saidabad
376,9,Secunderabad
377,9,Tirumalagiri
378,9,Hyd
379,9,Vikarabad
380,5,Nawabpet
381,5,Qutubullapur
382,9,Rangareddy
383,5,R
384,5,Hyd
385,5,Rr.
386,5,Tandur
387,5,Medchal
388,5,Shamirpet
389,5,Ghatkesar
390,5,Vikarabad
391,9,Quthbullapur Mandal
392,9,Malkagiri Manda
393,9,Qutubullapur
394,5,Shabad
395,9,Shamirpet Mandal
396,5,Shameerpet
397,10,Anantapur
398,10,Singanamala
399,10,Kundurpi
400,10,Tadipatri
401,10,Uravakonda
402,10,Tadpatri
403,10,Beluguppa
404,10,Pamidi
405,10,Peddavadugur
406,10,Ammalladinne
407,10,Yellanur
408,10,Atmakur
409,10,Rayadurg
410,10,Settur
411,10,Shetturu
412,10,Guntakal
413,10,Raptadu
414,10,Gummagatta
415,10,Narpala
416,10,Gooty
417,10,Kalyandurg
418,10,Brahma Samudram
419,10,Bommanahal
420,10,Brahmasamudram
421,10,Na
422,10,Peddapappur
423,10,Kanekal
424,10,Bukkrayasamudram
425,10,Vajrakarur
426,10,Putlur
427,10,Yadiki
428,10,Vidapanakal
429,10,Brhama Samudram
430,10,Bukkaraya Samudram
431,10,Kambadur
432,10,Pedda Vadagur
433,10,Kuderu
434,10,B K Samudram
435,10,Kanaganapalli
436,10,Garladinne
437,10,D.Hirehal
438,10,Rapthadu
439,10,Vipanakal
440,10,Herial
441,10,Kudair
442,10,Garladinna
443,10,Bukkarayasamudram
444,10,Peddapappuru
445,10,Kandukur
446,10,Kalayandurg
447,10,Putluru
448,10,Shettur
449,11,Muddanur
450,12,Palamaner
451,12,Chittoor
452,12,Madanapalle
453,12,Puthalpattu
454,12,Mulakalacheruvu
455,12,Arugonda
456,12,Gangadhara Nellore
457,12,Murakambattu
458,12,Madanpalle
459,12,Chowdepalle
460,12,Venkatagirikota
461,12,Vengalrajukuppam
462,12,Kanipakam
463,12,Kuppam
464,12,Iral
465,12,Bangarupalem
466,12,Thavanampalle
467,12,Penumuru
468,12,Na
469,12,Irala
470,12,Yadamarri
471,12,Peddapanjani
472,12,Srirangarajapuram
473,12,Ramasamudram
474,12,Santhipuram
475,12,Gudipala
476,12,Palasamudram
477,12,B.Kothakota
478,12,Ramakuppam
479,12,Punganur
480,12,Puthalapattu
481,11,Rayachoty
482,11,Rayachoti
483,11,Nandalur
484,11,Sambepalle
485,11,Chakrayapet
486,11,Rajampet
487,11,Porumamilla
488,11,Atlur
489,11,Cuddapah
490,11,Pullampeta
491,11,Lakkireddipalle
492,11,Kodur
493,11,Badvel
494,11,B.Kodur
495,11,Chitvel
496,11,Khajipet
497,11,Vontimitta
498,11,Galiveedu
499,11,Obulavaripalle
500,11,Ramapuram
501,11,Brahmamgarimattam
502,11,Chennur
503,11,Penagalur
504,11,T Sundupalle
505,11,Gopavaram
506,11,Chinnamandem
507,11,Kalasapadu
508,11,Chinthakommadinne
509,11,Sidhout
510,11,Veeraballe
511,11,Peddarachapalli
512,11,Sri Avadhutha Kasinayana
513,10,Penukonda
514,10,Agali
515,10,Amarapuram
516,10,Bukkapatnam
517,10,Amadagur
518,10,Puttaparthi
519,10,Madakasira
520,10,Hindupur
521,10,Bathalapalli
522,10,Tadimarri
523,10,Dharmavaram
524,10,Bathalapalle
525,10,Tanakallu
526,10,Kothacheruvu
527,10,Chennekothapalle
528,10,Parigi
529,10,Kanaganapalle
530,10,Chilamathur
531,10,Lepakshi
532,10,Gudibanda
533,10,Kadiri
534,10,Somandepalli
535,10,Roddam
536,10,Mudigubba
537,10,Gorantla
538,10,Somandepalle
539,10,C.k.palli
540,10,Nallamada
541,10,Nallacheruvu
542,10,O.d. Cheruvu
543,10,Rolla
544,10,N.p. Kunta
545,10,Tanakal
546,10,Talupula
547,10,Obuladevaracheruvu
548,10,Gandlapenta
549,10,C.k.. Palli
550,10,Ramagiri
551,10,Amadaguru
552,10,C.k. Palli
553,10,Kambaduru
554,10,Obuladevacheruvu
555,10,Ramgiri
556,10,Puttaparthy
557,13,Kurnool
558,13,Adoni
559,13,Devanakonda
560,13,Na
561,13,Tuggali
562,13,Pattikonda
563,13,Gonegandla
564,13,Dhone
565,13,Bethamcherla
566,13,Pamulapadu
567,13,Veldurthi
568,13,Peapally
569,13,Velgode
570,13,Yemmiganur
571,13,Gadivemula
572,13,C.Belagal
573,13,Kallur
574,13,Panyam
575,13,Kodumur
576,13,Krishnagiri
577,13,Nandikotkur
578,13,Jupadu Bungalow
579,13,Maddikera (east)
580,13,Pagidyala
581,13,Mantralayam
582,13,Srisailam
583,13,Nandavaram
584,13,Nandyal
585,13,Banaganapalli
586,13,Allagadda
587,14,Giddalur
588,13,Sanjamala
589,14,Pullalacheruvu
590,14,Cumbum
591,14,Racherla
592,13,Koilkuntla
593,13,Banaganapalle
594,14,Markapur
595,13,Dornipadu
596,13,Kolimigundla
597,14,Ardhaveedu
598,14,Peda  Araveedu
599,13,Gospadu
600,14,Yerragondapalem
601,14,Tarlupadu
602,14,Dornala
603,14,Bestawaripeta
604,14,Donakonda
605,13,Koilakuntla
606,14,Tripuranthakam
607,14,Komarolu
608,13,Mahanandi
609,13,Bandi Atmakur
610,13,Allgadda
611,14,Markpur
612,14,Markapur Ho
613,13,Owk
614,13,Nandyal .
615,13,Sirvel
616,13,Banaganpallie
617,11,Chapad
618,11,Pulivendla
619,11,Simhadripuram
620,11,Lingala
621,11,Vaimpalle
622,11,Payasampalle
623,11,Mydekur
624,11,Vallur
625,11,Jammalamdugu
626,11,S.Mydukur
627,11,Verrapanayanipalle
628,11,Balapanur
629,11,Proddatur
630,11,Kamalapuram
631,11,Rajupalam
632,11,Vempalle
633,11,Jammalamadugu
634,11,Duvvur
635,11,Tallaproddatur
636,11,Yerraguntla
637,11,Tondur
638,11,Na
639,11,Vemula
640,11,Veerapunayunipalle
641,11,Nandimandalam
642,11,Kondapuram
643,11,Lavanur
644,11,Jammalmadugu
645,11,Pendlimarri
646,11,Rajupalem
647,11,Thondur
648,11,Veerapunayanipalle
649,11,Yearraguntla
650,11,Mylavaram
651,11,Vaimapalle
652,11,Yellanoor
653,11,Peddamudium
654,11,Pulivedla
655,11,Kallur
656,12,Tirupati (rural)
657,12,K.v.b.puram
658,12,Nagari
659,12,Pichatur
660,12,Nindra
661,12,Pissatur
662,12,Piler
663,12,Srikalahasti
664,12,Akkurthi
665,12,Vadamalapeta
666,12,Karvetinagar
667,12,Satyavedu
668,12,Gurramkonda
669,12,Thondamanadu
670,12,Yerpedu
671,12,Vayalpad
672,12,Puttur
673,12,Buchinaidu Kandriga
674,12,Renigunta
675,12,Chandragiri
676,12,Valmikipuram
677,12,Tirupati (urban)
678,12,Ramachandrapuram
679,12,Kambhamvaripalle
680,12,Chinnagottigallu Mandal
681,12,Bhakarapet
682,12,Vedurukuppam
683,12,Vadamalpet
684,12,Kalikiri
685,12,Tirupati Rural
686,12,Rompicherla
687,12,Pulicherla
688,12,Chinnagottigallu
689,12,Varadaiahpalem
690,12,Pakala
691,12,Damalacheruvu
692,12,Kalakada
693,12,G.k.palle
694,12,Vijayapuram
695,12,Narayanavanam
696,12,Pileru
697,12,Yerravaripalem
698,12,Venkata Krishna Puram
699,12,Pannur
700,12,K.V.B.Puram
701,15,Poduru (mdl)
702,15,Na
703,15,Palakol (mdl)
704,15,Akividu (mdl)
705,15,Attili (mdl)
706,15,Atchanta (mdl)
707,15,Bhimavaram
708,15,Bhimavaram (mdl)
709,15,Ellamanchili (mdl)
710,15,Iragavaram(mdl)
711,15,Tanuku
712,15,Iragavaram (mdl)
713,15,Kalla (mdl)
714,15,Poduru(mdl)
715,15,Peravali (mdl)
716,15,Viravasaram(mdl)
717,15,Palacole
718,15,Manchili (mdl)
719,15,Tanuku (mdl)
720,15,Penumantra (mdl)
721,15,Minavilluru(mdl)
722,15,Palakoderu (mdl)
723,15,Mogalturu(mdl)
724,15,U.varam(mdl)
725,15,Moyyeru(mdl)
726,15,Narasapuram
727,15,Narsapur (mdl)
728,15,Palakol(mdl)
729,15,Penugonda (mdl)
730,15,Viravasaram (mdl)
731,15,Bhimavaram(mdl)
732,15,Undi (mdl)
733,15,Velpur (mdl)
734,15,Palakoderu(mdl)
735,15,Vundrajavaram (mdl)
736,15,Kaikaram
737,15,Jeelugumilli
738,15,Kamavarapukota
739,15,Gundugolanu
740,15,J.r.gudem
741,15,Buttayagudem
742,15,Pulla
743,15,K.kota
744,15,S.v.peta
745,15,Dwarakatirumala
746,15,Eluru
747,15,Koyyalagudem
748,15,Chintalapudi
749,15,Vijaayrai
750,15,Bhimadole
751,15,Dharmajigudem
752,15,Lakkavaram
753,15,Chebrole
754,15,D.tirumala
755,15,Kovvali
756,15,Pragadavaram
757,15,T.narasapuram
758,15,Gopannapalem
759,15,Pedapadu
760,15,Jangareddigudem
761,15,Padapadu
762,15,Chataparru
763,15,J.r.gudem Bo
764,15,Vijayarai
765,15,Tadikalapudi
766,15,Kannapuram
767,15,S.v. Peta
768,15,Denduluru
769,16,Kaikalur
770,16,Pamarru
771,16,Musunuru
772,16,Mudinepelli
773,16,Bantumilli
774,16,Vunguturu
775,16,Nandivada
776,16,Gudlavalleru
777,16,Reddigudem
778,16,Nuzvid
779,16,Vuyyuru
780,16,Bapulapadu
781,16,Mandavalli
782,16,Gudivada
783,16,Pedaparupudi
784,16,Mudinepalli
785,16,Vissannapet
786,16,Chatrai
787,16,Kruthivennu
788,16,Kalidindi
789,16,Kankipadu
790,16,Kalidinid
791,16,Billanapalli
792,16,Krithivennu
793,16,Vuyyur
794,16,Nuz Id
795,16,Na
796,16,Kakulapadu
797,16,Mudinepalle
798,17,Kaluvoya
799,17,Pellakur
800,17,Manubolu
801,17,Tada
802,17,Gudur
803,17,Podalakur
804,17,Venkatagiri
805,17,Balayapalli
806,17,Sydapuram
807,17,Sullurpeta
808,17,Survepalli
809,17,Naidupeta
810,17,Vojili
811,17,Chittamuru
812,17,Vakadu
813,17,Chillakur
814,17,Virur
815,17,Naidupet
816,17,Rapur
817,17,Chittamur
818,17,Dakkili
819,17,Chejerla
820,17,Venkatachalam
821,17,Doravarisatram
822,17,Venkatachala Satram
823,17,Kota
824,18,Guntur
825,18,Tulluru
826,18,Tadikonda
827,18,Pedanandipadu
828,18,Kakumanu
829,18,Mangalagiri
830,18,Mangalagiri Ho
831,18,Ponnekallu
832,18,Pedapalem
833,18,Nutakki
834,18,Prathipadu
835,18,Amaravathi
836,18,Lemalle
837,18,Pedakakani
838,18,Pedavadlapudi
839,18,Namburu
840,18,K.c.works
841,18,Tadepalle
842,18,Medikonduru
843,19,P.r.gudem
844,19,Kunavaram
845,19,Nkpally
846,19,Bonnakal
847,19,Kothagudem
848,19,Aswapuram
849,19,Vvpalem
850,19,Charla
851,19,Burgampahad
852,19,Madhira
853,19,Manuguru
854,19,Tanikella
855,19,Gokinepalli
856,19,Aswaraopet
857,19,Manugurq
858,19,Chintakani
859,19,Dammapeta
860,19,Tallada
861,19,Ch.madharam
862,19,Vemsur
863,19,T. Palem
864,19,T.palem
865,19,Enkoor
866,19,Dummagudem
867,19,Siripuram
868,19,Aswaraopeta
869,19,Manugur
870,19,Bnpahad
871,19,Yellandu
872,19,Bhadrachalam
873,19,Subled
874,19,Khammam
875,19,B.n.pahad
876,19,Kallur
877,19,Sathupalli
878,19,Penuballi
879,19,Bayyaram
880,19,Palair
881,19,Bommakal
882,19,Garla
883,19,Khammam (urban)
884,19,Karepalli
885,19,Venkatapuram
886,19,Chintur
887,19,Tallampahad
888,19,Nellipaka
889,19,Komminepalli
890,19,Vr Puram
891,19,Mothugudem
892,19,Bonakal
893,19,Julurupadu
894,19,Burghampahad
895,19,Pindipole
896,19,Paloncha
897,20,Donkarayi
898,19,Yerrupalem
899,19,Gdpeta
900,19,Wyra
901,19,Sujathanagar
902,19,Kusumanchi
903,19,Snpuram
904,19,Gouthampur
905,19,Vrpuram
906,19,Julurpahad
907,19,Yellandu Colls
908,19,Burgamapahad
909,19,S.n.puram
910,19,Cheruvumadhram
911,19,Awaraopet
912,19,Nkpalli
913,19,Julurupad
914,19,Palwancha
915,19,P R Gudem
916,19,Vkhani
917,19,Vennkatapuram
918,19,Pindipolu
919,19,Yelladu
920,19,V.r.puram
921,19,Rudrampur
922,19,Satyanarayanapuram
923,19,Sarapaka
924,19,Sathupalle
925,19,Sujathanagarq
926,19,Cheruvumadharam
927,19,Charal
928,16,Pedana
929,16,Guduru
930,16,Avanigadda
931,16,Movva
932,16,Machilipatnam
933,16,Nagayalanka
934,16,Challapalli
935,16,Bandar
936,16,Ghantasala
937,16,Mopidevi
938,16,Koduru
939,16,Gudlavallru
940,16,Bantumalli
941,16,Machillipatnam
942,18,Sattenapalle
943,18,Durgi
944,18,Vinukonda
945,18,Nuzendla
946,18,Rompicherla
947,18,Gurazalla
948,18,Phirangipuram
949,18,Krosuru
950,18,Ipuru
951,18,Narasaraopet
952,18,Chilakaluripet
953,18,Atchampet
954,18,Pedakurapadu
955,18,Rajupalem
956,18,Bellamkonda
957,18,Nadendla
958,18,Veldurthy
959,18,Nekarikallu
960,18,Machavaram
961,18,Piduguralla
962,18,Karempudi
963,18,Dachepalle
964,18,Muppalla(sap)
965,18,Edlapadu
966,18,Na
967,18,Macherla
968,18,Rentachintala
969,18,Edlapdu
970,18,Bollapalle
971,18,Savalyapuram
972,18,Sttenapalle
973,18,Gurzalla
974,18,Muppalla
975,18,Narassaraopet
976,18,Pedakurpadu
977,18,Pidugurlalla
978,18,Muppalla(sa)
979,17,Nellore
980,17,Bitragunta
981,17,Vidavalur
982,17,Marripadu
983,17,Kavali
984,17,Damavaram
985,17,Allur Mandalam
986,17,Revur
987,17,Anantasagaram
988,17,Muthukur
989,17,Siddanakonduru
990,17,Anemadugu
991,17,Duvvur
992,17,Jaladanki
993,17,A.s.peta
994,17,Anumasamudrampeta Mandal
995,17,Atmakur
996,17,Duthalur
997,17,Karatampadu
998,17,Gandipalem
999,17,Seetharamapuram
1000,17,Udayagiri
1001,17,Allur
1002,17,Vinjamoor
1003,17,Nandipadu
1004,17,Dagadarthi
1005,17,Kodavaluru
1006,17,Buchireddypalem
1007,17,Buchireddipalem Mandalam
1008,17,Chakalakonda
1009,17,Kovur
1010,17,Kaligiri
1011,17,Varikuntapadu
1012,17,Kondapuram
1013,17,Sangam
1014,17,Kodavalur
1015,17,Buchireddypalem Mandalam
1016,17,Tp Gudur
1017,17,Gandavaram
1018,17,Mypadu
1019,17,Gumparlapadu
1020,17,Indukurpeta
1021,17,Brahmadevam
1022,17,Atmakur(nl)
1023,17,Ananatasagaram
1024,17,Kodavaluru Mandalam
1025,17,Na
1026,17,Kovur Mandalam
1027,17,S.s.project
1028,17,Nr Palem
1029,17,Muthukur Mandalam
1030,17,Indukurpeta Mandalam
1031,17,Northrajupalem Mandalam
1032,17,Ss Project
1033,17,Seetaramapuram
1034,17,Kodavalur Mandalam
1035,17,Vinjamur
1036,14,Na
1037,14,Ongole
1038,14,Parchur
1039,14,Kanigiri
1040,14,Kandukur
1041,14,Kotha Patnam
1042,14,Voletivaripalem
1043,14,Kurichedu
1044,14,Chirala
1045,14,Chiral
1046,14,Prakasam
1047,14,Addanki
1048,14,Vetapalem
1049,14,Tangutur
1050,14,Podili
1051,15,Ganapavaramandalam
1052,15,Ganapavaram Mandalam
1053,15,Peravali Mandalam
1054,15,Pentapadu Mandalam
1055,15,Nallajerla Mandal
1056,15,Tallapudi Mandalam
1057,15,Tadepalligudem
1058,15,Tadepalligudem Mandalam
1059,15,Ganapavarammandal
1060,15,Kovvuru Mandalam
1061,15,Nallajerla Mandalam
1062,15,Nidadavole Mandalam
1063,15,Nallajarlamandalam
1064,15,Vunguturu Mandalam
1065,15,Devarapalli Mandalam
1066,15,Polavarammandal
1067,15,Nidadavole
1068,15,Gopalapuram Mandalam
1069,15,Ganapavaram Mandal
1070,15,Polavaram Mandalam
1071,15,Nidadavolemandalam
1072,15,Pentapadu Mandal
1073,15,Chagallu Mandal
1074,15,Chagally Mandalam
1075,15,Nallajarla Mandalam
1076,15,Chagallu Mandalam
1077,15,Deverapalli Mandalam
1078,15,Nidamarrumandalam
1079,15,Pentapadumandalam
1080,15,Deverapalli
1081,15,Kovvur
1082,15,Tanuku Mandal
1083,15,Ganapavarammandalam
1084,15,Palakoderu Mandalam
1085,15,Gopalapuram Mandal
1086,15,Devarapalli Mandal
1087,15,Nallajerla
1088,15,Kovvur Mandalam
1089,15,Peravali
1090,15,Undrajavaram Mandalam.
1091,15,Ganapavaramm Andalam
1092,15,Wgdt
1093,20,Devipatnammandalam
1094,15,Polavarammandalam
1095,20,Devipatnam Mandalam
1096,15,Tanuku Mandalam
1097,15,Nidamarry Mandal
1098,15,Pentapadu
1099,15,Polavaram
1100,15,Nallajarla Mandal
1101,15,Polavaram Mandal
1102,15,Pentapadu Mandall
1103,15,Nallajerlamandalam
1104,15,Buttayagudem Mandalam
1105,15,Nidadavole Mandal
1106,15,Tallapudi Mandal
1107,15,Devipatnam Mandalam
1108,15,Undrajavaram Mandalam
1109,15,Tadepalligudem Mandaolam
1110,15,Undi Mandalam
1111,15,Vunguturu
1112,18,Bapatla
1113,18,Kuchinapudi
1114,18,Turumella
1115,18,Bhattiprolu
1116,18,Cherukupalli
1117,18,Nizampatnam
1118,18,Ponnuru
1119,18,Amartaluru
1120,18,Bhattiprole
1121,18,Chebrole
1122,18,Anantavaram
1123,18,Angalakudur
1124,18,Appikatla
1125,18,Patsalatadiparru
1126,18,Cherukupalle
1127,18,Tenali
1128,18,Vemuru
1129,18,Nagaram
1130,18,Repalle
1131,18,Inturu
1132,18,Kolluru
1133,18,Karlapalem
1134,18,Chandole
1135,18,Cheruvu
1136,18,Duggirala
1137,18,Ponnur
1138,18,Kollipara
1139,18,Chodayapalem
1140,18,Dhulipudi
1141,18,Emani
1142,18,Intur
1143,18,Kanagala
1144,18,Stuvartpuram
1145,18,Kolakaluru
1146,18,Kuchipudi
1147,18,Tsunduru
1148,18,Cheruuvu
1149,18,Nandivelugu
1150,18,Sangamjagarlamudi
1151,18,Vellaturu
1152,16,Vijayawada (urban)
1153,16,A.Konduru
1154,16,Krishna
1155,16,Telaprolu
1156,16,Gampalagudem
1157,16,Thotlavalluru
1158,16,Nandigama
1159,16,Mylavaram
1160,16,Akunuru
1161,16,Penugolanu
1162,16,Tiruvuru
1163,16,Veerullapadu
1164,16,Gannavaram
1165,16,Chandarlapadu
1166,16,Kondapalli
1167,16,Katuru
1168,16,Vijayawada (rural)
1169,16,Chandaralpadu
1170,16,Veeravalli
1171,16,Agiripalle
1172,16,Gamplaguedem
1173,16,Vja
1174,16,Jaggayyapeta
1175,16,Jaggaiahpet
1176,16,Vijayawada
1177,16,Poranki
1178,16,Vatsavai
1179,16,Chadarlapadu
1180,16,Penuganchiprolu
1181,16,Penamaluru Mandal
1182,16,Aukiripalli
1183,16,Gamplagudem
1184,16,Ibrahimpatnam
1185,20,Amalapuram.
1186,20,Sakhinetipalli Mandal
1187,20,Mamidikuduru
1188,20,Mummidivaram
1189,20,Ainavilli
1190,20,Allavaram
1191,20,Amalapuram
1192,20,Ambajipeta
1193,20,Uppalaguptan Mandal
1194,20,Atreyapuram
1195,20,Na
1196,20,Razole
1197,20,Razole Mandal
1198,20,Atreyapuram Mandal
1199,20,Kothapeta Taluk
1200,20,Katrenikona
1201,20,Amalapuram Mandal
1202,20,Allavaram Mandal
1203,20,Uppalaguptam
1204,20,Kothapeta
1205,20,Katrenikona Mandal
1206,20,Sakhinetipalli
1207,20,D.gannavaram Mandal
1208,20,Malikipuram
1209,20,P.gannavaram
1210,20,Ravulapalem Mandal
1211,20,Mummidivaram Mandal
1212,20,I.polavaram Mandal
1213,20,Ravulapalem
1214,20,I.polavaram
1215,20,Malikipuram Mandal
1216,20,Atreypauram
1217,20,Ambajipeta Mandal
1218,20,Ainavilli Mandal
1219,20,P.gannavaram Mandal
1220,20,Uppalaguptam Mandal
1221,20,Mamidikuduru Mandal
1222,20,Amabajipeta
1223,20,Kothapeta Mandal
1224,21,Chodavaram
1225,21,Narsipatnam
1226,21,Anakapalle
1227,21,Araku
1228,21,Araku Valley
1229,21,Paderu
1230,21,Yellamanchili
1231,21,Atchutapuram
1232,21,Paravada
1233,21,Chintapalle
1234,21,Golugonda
1235,21,Nathavaram
1236,21,Cheedikada
1237,21,Ananthagiri
1238,20,Thondangi
1239,20,Gollaprolu
1240,20,Tuni
1241,20,Addatigala
1242,20,Kotananduru
1243,20,Kothapalli
1244,20,Rajavommangi
1245,20,Sankhavaram
1246,20,Peddapuram
1247,20,Kakinada (urban)
1248,20,Karapa
1249,20,Kakinada
1250,20,Kirlampudi
1251,20,Yeleswaram
1252,20,Addateegala
1253,20,Pithapuram
1254,20,Y .ramavaram
1255,20,Prathipadu
1256,20,Pedapudi
1257,20,Tallarevu
1258,20,Pondicherry
1259,20,Kajuluru
1260,20,Jaggampeta
1261,20,Samalkot
1262,20,Kakinada Rural
1263,20,Thallarevu
1264,20,Rangampeta
1265,20,Samalkota
1266,20,Addathigala
1267,20,Y Ramavaram
1268,22,Pondicherry
1269,20,Ramachandrapuram
1270,23,Makkuva
1271,24,R.amadalavalasa
1272,23,Na
1273,23,Balijipeta
1274,23,Badangi
1275,23,Bobbili
1276,23,Therlam
1277,23,Gummalakshmipuram
1278,23,Jiyyammavalasa
1279,23,Salur
1280,23,Komarada
1281,23,Seethanagaram
1282,24,Palakonda
1283,23,Ramabhadrapuram
1284,23,Garividi
1285,23,Parvatipuram
1286,24,Sigadam
1287,23,Merakamudidam
1288,24,Veeraghattam
1289,24,Sigadam Mandal
1290,23,Kurupam
1291,23,Garugubilli
1292,23,Dattirajeru
1293,23,Chipurupalle
1294,23,Gurla
1295,24,Seethampeta
1296,23,Pachipenta
1297,23,Meraka Mudidam
1298,24,Rajam
1299,23,Vangara
1300,23,Parvathipuram
1301,23,Jiyyammavalsa
1302,24,R. Amadalavalasa
1303,24,Vangara
1304,24,Regidi Mandal
1305,23,Dattirajeru Bo
1306,24,Ganguvada Sigadam Mandal
1307,20,Pamarru
1308,20,Rampachodavaram
1309,20,Alamuru
1310,20,Rajahmundry (urban)
1311,20,Gangavaram
1312,20,Anaparthy
1313,20,Kapileswarapuram
1314,20,Bikkavolu
1315,20,Mandapeta
1316,20,Gokavaram
1317,20,Pamaru
1318,20,Korukonda
1319,20,Kadiyam
1320,20,Rajanagaram
1321,20,Maredumilli
1322,20,Rayavaram
1323,20,Sithanagaram
1324,20,Devipatnam
1325,20,Gandepalli
1326,20,Rajahmundry Rural
1327,20,Ragampeta
1328,20,Sithanagram
1329,20,Rajaahmundry Rural
1330,20,Rajahmundry
1331,24,Laveru Mandal
1332,24,Rajam Mandal
1333,24,Tekkali
1334,24,Etcherla
1335,24,Amadalavalasa Mandal
1336,24,Vajrapukotturu Mandal
1337,24,Kotturu Mandal
1338,24,Sarubujjili Mandal
1339,24,Srikakulam Mandal
1340,24,Jalumuru Mandal
1341,24,Burja Mandal
1342,24,Etcherla Mandal
1343,24,Saravakota Mandal
1344,24,Amadalavalasa
1345,24,Polaki Mandal
1346,24,Regidi Amadalavalasa
1347,24,Gara Mandal
1348,24,Palasa Mandal
1349,24,Vangara Mandal
1350,24,Srikakulam
1351,24,Ranasthalam Mandal
1352,24,Sompeta Mandal
1353,24,Bhamini
1354,24,Mandasa Mandal
1355,24,Kaviti Mandal
1356,24,Hiramandalam Mandal
1357,24,Bhamini Mandal
1358,24,Ichchapuram Mandal
1359,24,Santhakaviti Mandal
1360,24,Pathapatnam Mandal
1361,24,Nandigam Mandal
1362,24,Santabommali Mandal
1363,24,Saravakota Mdl
1364,24,Tekkali Mandal
1365,24,Kanchili Mandal
1366,24,Gara
1367,24,Ponduru Mandal
1368,24,Burja
1369,24,Ichchapuram
1370,24,Meliaputti Mandal
1371,24,Seethampeta Mandal
1372,24,Amadalavalasa Manal
1373,24,Narasannapeta Mandal
1374,24,Kotabommali Mandal
1375,24,Kaviti
1376,24,Narasannapeta
1377,24,Pathapatnam
1378,24,Vajrapukothuru
1379,24,Palasa
1380,23,Cheepurupalle
1381,24,Na
1382,24,Mandasa
1383,24,Hiramandalam
1384,24,Ranastalam
1385,24,Santhabommali Mandal
1386,23,Therlam Mandal
1387,24,Kotabommali
1388,24,Meliaputti
1389,24,Jalumuru
1390,24,Bhamani Mandal
1391,24,Kotturu
1392,23,Merakamudidam Mandal
1393,24,Laveru
1394,24,Santhabommali
1395,24,Sarubujjili
1396,24,Kotabommalimandal
1397,24,Ponduru
1398,24,Lakshminarsupeta
1399,24,G.sigadam Mandal
1400,21,Visakhapatnam (urban)
1401,21,Gajuwaka
1402,21,Visakhapatnam.
1403,21,Na
1404,21,Viskhapatnam
1405,21,Visakhapatnam
1406,21,Pedagantyada
1407,21,Bheemunipatnam
1408,21,Pendurthi
1409,21,Visakhapatnam (rural)
1410,23,Visakhapatnam
1411,21,Anandapuram
1412,21,Visakhapatnam Rural
1413,23,Vepada
1414,23,Nellimarla
1415,21,Apspqrs
1416,23,Denkada
1417,23,Alamanda Rs
1418,23,Alamanda
1419,23,Pusapatirega
1420,23,S Kota
1421,23,Bhogapuram
1422,23,Bondapalli
1423,23,Jami
1424,23,Vizianagaram
1425,23,Gajapathinagaram
1426,23,B.tallavalasa
1427,23,Kothavalasa
1428,21,Jami
1429,23,Alamanada
1430,21,Anathagiri
1431,23,Mentada
1432,23,Bonangi
1433,23,Challapeta
1434,23,Gantyada
1435,23,L Kota
1436,23,Datti Rajeru
1437,23,Srungavarapukota
1438,21,Bondapalli
1439,23,Konada
1440,23,Kotagandredu
1441,23,Moida
1442,23,Pedamajjipalem
1443,23,Pedamanapuram
1444,21,Kothavalasa
1445,23,Gajapathinagram
1446,23,Ramathirtam
1447,23,S.kota.
1448,25,Lakhimpur
1449,26,Khowang Ghat
1450,25,Islamgaon
1451,26,Bamunbari
1452,27,Silapathar
1453,27,Sissiborgaon
1454,26,Dikom
1455,26,Duliajan
1456,27,Dhemaji
1457,25,Dhalpur
1458,26,Namrup
1459,26,Dibrugarh
1460,25,Bihupuria
1461,25,Bihpuria
1462,25,Dhakuakhana
1463,26,Khiowang Ghat
1464,26,Barabruah
1465,26,Chabua
1466,26,Naharkatia
1467,26,Barbaruah
1468,25,Pathalipahar
1469,26,Rajgarh
1470,25,Ghilamara
1471,27,Machkhowa
1472,26,Naholia
1473,26,Tengakhat
1474,25,Bhogpur
1475,26,Tingkhong
1476,25,Boginadi
1477,26,Lahoal
1478,25,Dikrong
1479,27,Bordoloni
1480,26,Khowang
1481,27,Simen Chapori
1482,27,Silapthar
1483,25,Dhlapur
1484,25,Laluk
1485,26,Tingkhiong
1486,26,Khowang  Ghat
1487,27,Jonai
1488,25,Gogamukh
1489,26,Mohanbari
1490,25,Badati
1491,26,Jeypore
1492,27,Gogamukh
1493,25,Pathalipam
1494,25,Ghilamara`
1495,25,North Lakhimpur
1496,26,Khiowang
1497,26,Nahariatia
1498,26,Klhowang
1499,27,Ghilamara
1500,26,Barbarua
1501,27,Gerukamukh
1502,25,Moinapara
1503,25,Isalmgaon
1504,25,Naoboicha
1505,26,Tinghkhong
1506,27,Sissiborgaron
1507,25,Panigaon
1508,26,Parbatpur
1509,26,Lahoal;
1510,28,Morigaon
1511,29,Nagaon
1512,29,Ambagan
1513,29,Hojai
1514,30,Diphu
1515,30,Donka
1516,30,Hamren
1517,29,Lanka
1518,28,Bhuragaon
1519,29,Raha
1520,29,Na
1521,29,Bhuragaon
1522,30,Bokajan
1523,30,Donkamokam
1524,29,Doboka
1525,30,Nagaon
1526,29,Dhing
1527,29,Nagon
1528,28,Jagiroad
1529,29,Kampur
1530,29,Diphu
1531,29,Kaliabor
1532,30,Hojai
1533,29,Jagiroad
1534,31,Glt
1535,32,Svs
1536,33,Jorhat
1537,32,Sibsagar
1538,31,Golaghat
1539,31,Jorhat
1540,31,Bkt
1541,33,Ttb
1542,31,Glgt
1543,33,Majuli
1544,32,Sivasagar
1545,31,Sibsagar
1546,32,Na
1547,31,Bokakhat
1548,33,Glt
1549,31,Na
1550,31,Svs
1551,33,Svs
1552,31,Glt.
1553,31,Sarupathar
1554,33,Titabor
1555,33,Na
1556,32,Svs.
1557,34,Margherita
1558,34,Chapakhowa
1559,34,Doom Dooma
1560,34,Doomdooma
1561,34,Tinsukia
1562,34,Teghakhat
1563,34,Chabua
1564,34,Margfherita
1565,34,Sadiya
1566,34,Tipling
1567,26,Tinsukia
1568,35,Na
1569,36,Na
1570,37,Na
1571,38,Na
1572,35,Karimganj
1573,37,Silchar
1574,37,Dalu
1575,37,Cleaver House
1576,35,Karimanj
1577,39,Hatigarh
1578,40,Alisinga
1579,40,Kalabari
1580,39,Harisinga
1581,40,Balipara
1582,39,Lalpul Bazar
1583,40,Halem
1584,39,Duni
1585,40,Borgong
1586,39,Atterikhat
1587,40,Chariduar
1588,39,Mangaldoi
1589,40,Bindukuri
1590,39,Khoirabari
1591,39,Sipajhar
1592,40,Bakola
1593,40,Barangabari
1594,40,Sootea
1595,39,Dhula
1596,40,Pabhoi
1597,40,Kaliabhomora
1598,40,Tetenbari
1599,40,Naharbari
1600,40,Sirajuli
1601,40,Ketekibari
1602,39,Udalguri
1603,40,Bandarmari
1604,40,Bihaguri
1605,39,Pathorighat
1606,39,Kalaigaon
1607,39,Bhakatpara
1608,40,Thelamara
1609,39,Deomornoi
1610,40,Missamari
1611,39,Mazbat
1612,40,Darrang Panbari
1613,40,Bedeti
1614,40,Behali
1615,39,Panerihat
1616,40,Besseria
1617,39,Bhairabkunda
1618,39,Rowta
1619,39,Purani Tangla
1620,40,Biswanathghat
1621,40,Ghoramari
1622,39,Kopati
1623,39,Orang
1624,40,Gingia
1625,40,Borjuli
1626,40,Borsola
1627,40,Charilai
1628,39,Dalgaon
1629,40,Na
1630,40,Dhekiajuli
1631,40,Besesria
1632,40,Dekargaon
1633,39,Dimakuchi
1634,40,Howajan
1635,40,Rangapara
1636,39,Kharupetiaghat
1637,40,Jamugurihat
1638,40,Gohpur
1639,40,Shalonibari
1640,40,Hazarapar
1641,40,Kacharigaon
1642,40,Karsontala
1643,40,Tezpur
1644,40,Khalihamari
1645,40,Khelmati
1646,40,Chariali
1647,40,Lokra
1648,39,Tangla
1649,40,Mijikajan
1650,40,Nagshankar
1651,40,Napaam
1652,40,Panchmile
1653,40,Rangachakua
1654,41,Bongaigaon
1655,41,Abhayapuri
1656,41,Manikpur
1657,42,Dotma
1658,43,Balijana
1659,44,Na
1660,44,South Salmara
1661,44,Dhubri
1662,44,Debitala
1663,41,Boitamari
1664,41,Srijangram
1665,43,Kushdhowa
1666,43,Lakhipur
1667,43,Khusdhowa
1668,41,Borobazar
1669,42,Bilasipara
1670,43,Dudnai
1671,41,Bijni
1672,42,Gossaigaon
1673,44,Rupsi
1674,43,Rangjuli
1675,41,B.s.gram
1676,44,Bagribari
1677,43,Matia
1678,42,Kachugaon
1679,43,Goalpara
1680,44,Golakganj
1681,44,Bilasipara
1682,41,B.s. Gram
1683,42,Hatidhura
1684,41,Baitamari
1685,44,Salmara South
1686,44,Raniganj
1687,44,Mankachar
1688,42,Kokrajhar
1689,41,Bengtal
1690,44,Agomoni
1691,42,Dotoma
1692,44,Mahamaya
1693,44,Debitola
1694,41,Boro Bazar
1695,44,Agamoni
1696,41,Sidli Chirang
1697,44,Chapar Salkocha
1698,43,Krishnai
1699,44,Golokganj
1700,42,Bengtal
1701,44,Fekamari
1702,44,Golakganj S.o.
1703,41,Sidli (part-ii)
1704,43,Dudhnoi
1705,41,Minikpur
1706,42,Bhowraguri
1707,44,Salkocha
1708,41,B.s.gram.
1709,43,Dudhnai
1710,41,Dudhnoi
1711,41,Bengtol
1712,42,Raniganj
1713,42,Bengtol
1714,44,Baitamari
1715,44,Rupshi
1716,45,Rani Block ( Palasbari Circle)
1717,45,Dakhin Sarubanswar Mauza
1718,45,Hajo Block
1719,45,Pubchamaria ( Goroimari Block)
1720,45,Mandia
1721,45,Gmc
1722,45,Sonapur Block
1723,45,Gmc ( North Gh Circle )
1724,45,Palashbari Circle
1725,45,Dakhin Sarubanswar (rampur)
1726,45,Chamaria
1727,45,Goreswar Block
1728,45,Bezera Block
1729,45,Kamalpur
1730,45,Chhaygaonpantan
1731,45,Chhaygaon Pantan
1732,45,Rangia Block
1733,45,Dakhin Sarubanswar ( Rampur)
1734,45,Kamalpur Block
1735,45,Boko
1736,45,Na
1737,45,Rampur Block
1738,45,Rampur
1739,45,Goroimari
1740,45,Goroimari Block
1741,45,Bongaon ( Boko)
1742,45,Bongaon
1743,45,Soalkuchi Block
1744,45,Jharobari Block
1745,45,Chandrapur Block
1746,45,Greswar Block
1747,45,Kamalpur Block Taluk of Kamrup
1748,45,Palasbari Circle
1749,45,Jalukbari Lac
1750,45,Dakhin Sarubansar ( C. Block)
1751,45,Luki ( Boko Block)
1752,45,P. Chamaria ( Goroimari Block)
1753,45,Chaini ( Jharobari)
1754,45,Jharobari Block ( Chainibardua
1755,45,Luki (boko Block)
1756,45,Jharobari Block(chaini Barduar
1757,45,Chamaria Block
1758,45,Rani Block ( Palashbari Circle
1759,45,Dakhinsarubanswar ( R. Block)
1760,45,Jharobariblock(chainibarduar)
1761,45,Rani Block
1762,45,Rani
1763,46,Barkhetri
1764,46,Adalbari
1765,46,Ahopa
1766,47,Na
1767,46,Allia
1768,46,Chamata
1769,46,Na
1770,46,Dhanbil
1771,46,Angardhowa
1772,46,Angarkata
1773,46,Kamarkuchi
1774,46,Chowk Bazar
1775,46,Arikuchi
1776,46,Niz Namati
1777,46,Marowa
1778,46,Baganpara
1779,47,Baghmarabazar
1780,46,Jagra
1781,46,Bagulamari
1782,47,Baharihat
1783,47,Pathsala
1784,46,Bakuajari
1785,46,Bala
1786,46,Bali
1787,46,Balikaria
1788,46,Balikuchi
1789,46,Balilecha
1790,46,Balowa
1791,47,Bajali
1792,46,Banagram
1793,46,Banagrasm
1794,46,Banbari
1795,46,Banekuchi
1796,46,Bangaon
1797,46,Barajol
1798,46,Barama
1799,46,Baramchari
1800,46,Chowkbazar
1801,46,Barbari
1802,46,Doomni
1803,46,Baridatara
1804,46,Barimakha
1805,46,Barimukh
1806,46,Milanpur
1807,46,Belsor
1808,47,Barpeta
1809,47,Barpetaroad
1810,46,Barpit
1811,46,Barsimlaguri
1812,46,Bartola
1813,46,Bennabari
1814,46,Bhadra
1815,46,Mukalmua
1816,47,Bhella
1817,46,Bhojkuchi
1818,47,Bhowanipur
1819,46,Nalbari
1820,46,Burinagar
1821,46,Chaibari
1822,46,Chanda
1823,46,Chandkuchi
1824,46,Chechapani
1825,46,Chilling
1826,46,Dalbari
1827,46,Dangarmakha
1828,46,Darangamala
1829,46,Darangapara
1830,46,Debachara
1831,46,Dihira
1832,46,Dirua
1833,46,Gandhia
1834,46,Gerua
1835,46,Geruapara
1836,46,Ghograpar
1837,46,Gobradal
1838,46,Golibandha
1839,46,Gopalthan
1840,46,Guakuchi
1841,46,Haribhanga
1842,46,Hatinamati
1843,46,Haziragaon
1844,46,Helana
1845,46,Hidilatari
1846,47,Howly
1847,47,Jalahghat
1848,46,Jalkhana
1849,46,Janijog
1850,46,Jaysagar
1851,46,Kaithalkuchi
1852,46,Kakaya
1853,46,Kalag
1854,47,Kalgachia
1855,46,Kalipur
1856,46,Kaljar
1857,46,Kaplabari
1858,46,Karemura
1859,46,Karia
1860,46,Mussalpur
1861,46,Kauli
1862,46,Kekankuchi
1863,46,Kendukuchi
1864,46,Kharsitha
1865,46,Kharua
1866,46,Khatikuchi
1867,46,Khagrabari
1868,47,Kokilabari
1869,46,Kumarikata
1870,46,Larkuchi
1871,46,Lohasrkata
1872,46,Lowtola
1873,46,Madhapur
1874,47,Mandia
1875,47,Mayanbari
1876,46,Motipur
1877,46,Mugkuchi
1878,46,Muktapur
1879,47,Nagaon
1880,46,Nagrijuli
1881,46,Nankarbhaira
1882,46,Narua
1883,46,Nikashi
1884,47,Nityananda
1885,46,Nizbahjani
1886,46,Nizdhamdhama
1887,46,Paharpur
1888,46,Pakribari
1889,46,Panigaon
1890,47,Patacharkuchi
1891,46,Patkijuli
1892,46,Pub Baramchari
1893,46,Bangaon.
1894,46,Rampur
1895,46,Sandheli
1896,46,Sanekuchi
1897,47,Santinagar
1898,47,Sarthebari
1899,47,Sarupeta
1900,46,Sathisamuka
1901,46,Saukuchi
1902,47,Simlaguri
1903,46,Sondha
1904,47,Sorbhog
1905,46,Suradi
1906,46,Tambulpur
1907,46,Terechia
1908,46,Thamna
1909,46,Thanguri
1910,46,Tihu
1911,46,Ulabari
1912,48,Begusarai
1913,49,Khagaria
1914,48,Khagaria
1915,48,Teghra
1916,48,Begusarai H.o
1917,49,Mansi
1918,48,Balia
1919,48,Na
1920,48,Barauni
1921,49,Beldaur
1922,49,Na
1923,50,Na
1924,50,Darbhanga
1925,50,Biraul
1926,50,Beniipur]
1927,51,Darbhanga
1928,50,Benipur
1929,50,Darbhnaga
1930,52,Muzaffarpur
1931,53,Darbhanga
1932,51,Madhubani
1933,54,Pupri
1934,53,Samastipur
1935,50,Hanumannagar
1936,52,Na
1937,50,Pupri
1938,52,Darbhanga
1939,50,Benipur]
1940,50,Singhwara
1941,55,Raxaul
1942,55,Chakia
1943,55,Areraj
1944,55,Motihari
1945,55,Pakari Dayal
1946,55,Dhaka
1947,55,Sikrahana
1948,55,Sikarahana
1949,55,Kalyanpur
1950,55,P.dayal
1951,55,Chakia(pipra)
1952,55,Na
1953,55,Chauradano
1954,55,Chiraia
1955,55,Pakri Dayal
1956,55,Bankatwa
1957,55,Sangrampur
1958,55,Ghorasahan
1959,55,Paharpur
1960,55,Madhuban
1961,55,Harsidhi
1962,55,Kotwa
1963,55,Kesaria
1964,55,Adapur
1965,55,Mehsi
1966,55,Chaurdano
1967,55,Patahi
1968,55,Motihari H.o.
1969,55,Phenhara
1970,55,Piprakothi
1971,55,Ramgarhwa
1972,55,Tetaria
1973,55,Banjaria
1974,55,Klyanpur
1975,55,Sugauli
1976,55,Turkaulia
1977,51,Benipatti
1978,51,Jhanjharpur
1979,51,Andhratharhi
1980,51,Phulparas
1981,51,Jaynagar
1982,51,Laukahi
1983,56,Nirmali
1984,51,Jainagar
1985,51,Babubarhi
1986,51,Ghoghardiha
1987,51,Ladania
1988,51,Harlakhi
1989,51,Sadar Madhubani
1990,51,Laukaha
1991,51,Phulaparas
1992,51,Madhepur
1993,51,Kaluahi
1994,51,Pandaul
1995,51,Basopatti
1996,56,Supaul
1997,50,Jale
1998,51,Khajauli
1999,56,Basantpur
2000,51,Madhubnai
2001,56,Marauna
2002,51,Jhanjhapur
2003,51,Rajnagar
2004,56,Chhatapur
2005,51,Beniptti
2006,52,Bandra
2007,52,Mushahari
2008,57,Kurhani
2009,52,Bochaha
2010,52,Sahebganj
2011,52,Motipur
2012,52,Sakra
2013,52,Kurhani
2014,54,Katra
2015,52,Minapur
2016,52,Aurai
2017,52,Kanti
2018,52,Sakara
2019,52,Muraul
2020,52,Paroo
2021,52,Saraiya
2022,52,Katra
2023,57,Chehra Kalan
2024,52,Maniari
2025,52,Marwan
2026,57,Sakra
2027,52,Mushahri
2028,58,Purnea
2029,59,Araria
2030,60,Katihar
2031,61,Kishanganj
2032,58,Na
2033,60,Na
2034,59,Araria Rs
2035,58,Katihar
2036,59,Purnea
2037,58,Baisi
2038,61,Kishaganj
2039,61,Kishagnaj
2040,61,Kishangaj
2041,59,Arraia
2042,60,Araria
2043,61,Kishanagnj
2044,58,Bamankhi
2045,59,Araira
2046,59,Araraia
2047,61,Kishangnj
2048,61,Kishanaganj
2049,60,Kaihar
2050,61,Kishanganhj
2051,62,Chausa
2052,56,Kishanpur
2053,56,Raghopur
2054,63,Mahishi
2055,63,Sour Bazar
2056,62,Puraini
2057,63,Salkhua
2058,63,Kahara
2059,62,Murliganj
2060,56,Pipra Bazar
2061,56,Gamaharia
2062,63,S.b.raj
2063,62,Udakishanganj
2064,56,Na
2065,63,Na
2066,62,Na
2067,63,Sonbersa Raj
2068,56,Tribeniganj
2069,62,Madhepura
2070,62,Kumarkhan
2071,63,Kahra
2072,56,Triveniganj
2073,62,Alamnagar
2074,63,Nauhatta
2075,56,Saharsa
2076,63,Sonbarsa
2077,56,Birpur
2078,63,Simri Bakhtiarpur
2079,62,Singheshwar
2080,63,Sbraj
2081,62,Sanagar
2082,56,Ragahopur
2083,62,Bihariganj
2084,62,Kumarkhand
2085,56,Pipra
2086,56,Saraigarh
2087,63,Simri Bakhtiapur
2088,62,Pipra Bazar
2089,56,Chatapur
2090,63,Patarghat
2091,63,Saharsa
2092,56,Chattapur
2093,56,Pratapganj
2094,62,Shankarpur
2095,63,Saur Bazar
2096,56,Triveniganj\
2097,56,Gamahria
2098,56,Saraigarh Bhaptiyahi
2099,62,Kishanganj
2100,56,Chhata Pur
2101,62,Gwalapara
2102,63,Banma
2103,63,Pataghat
2104,62,Gamharia
2105,62,Saharsa
2106,62,Uda Kishanganj
2107,62,Madhepura Mdg
2108,62,Udakisanganj
2109,63,Satar Kataiya
2110,62,S.a.nagar
2111,63,Chousa
2112,63,Sattar
2113,62,Singheshwar\
2114,62,Chousa
2115,56,Piprabazar
2116,63,Sour Bazar \
2117,62,Singheswar
2118,62,Shah Alam Nagar
2119,62,Udakishunganj
2120,53,Na
2121,50,Samastipur
2122,53,Bibhutpur
2123,53,Pusa
2124,53,Dalsinghsarai
2125,53,Hasanpur
2126,53,Mohiuddinagar
2127,53,Rosera
2128,64,Chapra
2129,64,Dariapur
2130,64,Marhaura
2131,64,Parsa
2132,65,Siswan
2133,64,Sonepur
2134,64,Amnour
2135,65,Bhagwanpur Hat
2136,64,Jalalpur
2137,64,Dighwara
2138,64,Manjhi
2139,64,Taraiya
2140,64,Garkha
2141,64,Lahladpur
2142,64,Ekma
2143,64,Ishupur
2144,64,Revelganj
2145,64,Panapur
2146,64,Mashrakh
2147,64,Nagra
2148,66,Barhara
2149,64,Baniapur
2150,64,Maker
2151,67,Purnahiya
2152,54,Runnisaidpur
2153,54,Dumra
2154,54,Piprahi
2155,54,Parihar
2156,54,Riga
2157,54,Sonbersa
2158,54,Na
2159,54,Bajpatti
2160,54,R. Saidpur
2161,54,Nanpur
2162,54,Sonbarsa
2163,54,Parsauni
2164,54,Choraut
2165,54,Runisaidpur
2166,54,M. Ganj
2167,54,Sursand
2168,54,Bairgania
2169,54,R.saidpur
2170,54,Bathnaha
2171,54,Majorganj
2172,54,Belsand
2173,54,Bokhra
2174,67,Sheohar
2175,54,Bokhara
2176,67,Piprahi
2177,67,Parsauni
2178,67,Na
2179,67,Belsand
2180,67,Piprarhi
2181,54,Pupari
2182,68,Gopalganj
2183,65,Siwan
2184,65,Andar
2185,65,Mairwa
2186,65,Hasanpura
2187,68,Na
2188,65,Ziradei
2189,65,Lakri Nabiganj
2190,65,Daraundha
2191,65,Siwn
2192,68,Hathua
2193,65,Na
2194,68,Gopalgan J
2195,65,Maharajganj
2196,68,Gopal;ganj
2197,65,Guthani
2198,65,Pachrukhi
2199,69,Bettiah
2200,69,Bagaha-1
2201,69,Na
2202,69,Bettiah H.o.
2203,70,Konch
2204,70,Imamganj
2205,71,Daudnagar
2206,71,Madanpur
2207,71,Goh
2208,70,Barachatti
2209,70,Amas
2210,71,Amba
2211,71,Obra
2212,70,Rafiganj
2213,70,Bankey Bazar
2214,71,Nabinagar
2215,71,Rafiganj
2216,71,Kutumba
2217,72,Kaler
2218,71,Haspura
2219,71,Deo
2220,71,Aurangabad
2221,70,Gurua
2222,70,Bankey Bajar
2223,70,Raniganj
2224,71,Sherghati
2225,70,Brachatti
2226,70,Sherghati
2227,71,Barun
2228,71,Kaler
2229,71,Daunagar
2230,70,Barahcatti
2231,70,Shergahti
2232,71,Jamhor
2233,70,Dobhi
2234,70,Imamgnaj
2235,70,Barahchatti
2236,71,Rafigang
2237,71,Nabi Nagar
2238,70,Shergahati
2239,70,Ko0nch
2240,71,Konch
2241,70,Daudnagar
2242,73,Naugachia
2243,74,Amarpur
2244,73,Jagdishpur
2245,73,Sultanganj
2246,73,Goradih
2247,74,Barahat
2248,73,Kahalgoan
2249,73,Sabour
2250,75,Tarapur
2251,73,Bihpur
2252,74,Banka
2253,73,Sahkund
2254,73,Pirpainti
2255,73,Nathnagar
2256,75,Asarganj
2257,73,Kharik
2258,73,Bhipur
2259,74,Fullidumar
2260,74,Shambhuganj
2261,74,Katoria
2262,73,Pripainti
2263,73,Narayanpur
2264,74,Rajoun
2265,74,Chandan
2266,75,Sangrampur
2267,49,Parbatta
2268,73,Kharikbazar
2269,74,Chanan
2270,73,Ismailpur
2271,74,Phulidumar
2272,58,Rupauli
2273,74,Bausi
2274,73,Colgong
2275,73,Rangra Chowk
2276,74,Bounsi
2277,74,Dharia
2278,73,Naugachhia
2279,73,Kahalgaon
2280,73,Na
2281,73,Tarapur
2282,74,Rajaun
2283,74,Dhuraiya
2284,73,Gopalpur
2285,75,Shambhuganj
2286,60,Kursela
2287,74,Fulldumar
2288,73,Kharik Bazar
2289,73,Shahkund
2290,75,Kharagpur
2291,73,Sonhaula
2292,74,Belhar
2293,73,Nathnager
2294,73,Bhagalpur
2295,73,Amarpur
2296,73,Sangrampur
2297,73,Sanhoula
2298,66,Piru
2299,66,Arrah
2300,76,Buxar
2301,66,Jagdishpur
2302,66,Bhojpur
2303,76,Chausa
2304,76,Dumraon
2305,76,Duraon
2306,76,Simri
2307,76,Nawanagar
2308,76,Itarhi
2309,66,Garhani
2310,66,Koilwar
2311,76,Barhampur
2312,66,Shahpur
2313,66,Udwant Nagar
2314,76,Rajpur
2315,66,Piro
2316,66,Behea
2317,66,Na
2318,76,Kesath
2319,66,Sandesh
2320,76,Chakki
2321,66,Tarari
2322,66,Agiaon
2323,66,Jagdishpur  Jagdishpur
2324,70,Gaya
2325,70,Belaganj
2326,77,Jehanabad
2327,70,Khijersarai
2328,70,Kurtha
2329,77,Ratnifaridpur
2330,70,Mohanpur
2331,72,Arwal
2332,70,Bodhgaya
2333,77,Karpi
2334,70,Ratnifaridpur
2335,70,Tekari
2336,70,Atri
2337,70,Fatehpur
2338,70,Arwal
2339,70,Town Block Gaya
2340,70,Manpur
2341,70,Tikari
2342,70,G.mills
2343,70,Karpi
2344,77,Hulasganj
2345,70,Bodh Gaya
2346,70,Guraru
2347,70,Khizirsarai
2348,70,Fatehpur Block
2349,77,Ghoshi
2350,70,Kaler
2351,77,Makhdumpur
2352,70,Paraiya
2353,72,Karpi
2354,77,Belaganj
2355,78,Ghoshi
2356,72,Kurtha
2357,70,Banshi Surajpur
2358,70,Banshi Surajpura
2359,78,Paliganj
2360,70,Banshisurajpura
2361,70,Guruwa
2362,77,Sakurabad
2363,77,Kako
2364,70,Makhdumpur
2365,77,Konch
2366,77,Kurtha
2367,79,Sheikhpura
2368,80,Islamnagar
2369,81,Surajgarha
2370,79,Ariyari
2371,80,Sono
2372,75,Haweli Kharagpur
2373,79,Chewara
2374,48,Samho
2375,80,Aliganj
2376,75,Dharhara
2377,80,Jamui
2378,82,Asthawan
2379,79,Shekhosarai
2380,80,Laxmipur
2381,79,Sheopursarai
2382,81,Ramgarh Chowk
2383,80,Sikandra
2384,81,Barhiya
2385,75,Munger
2386,79,Barbigha
2387,81,Halsi
2388,81,Lakhisarai
2389,80,Chakai
2390,81,Bandhu Bagicha
2391,75,Jamalpur
2392,80,Khaira
2393,80,Barahat
2394,75,H Kharagpur
2395,75,Bariarpur
2396,75,Dahrhara
2397,79,Shekhopur
2398,79,Ghatkeshambha
2399,79,Ghatkusumbha
2400,80,Khiara
2401,75,Tetiya Bambar
2402,81,Bannu Bagicha
2403,80,Jhajha
2404,80,Khira
2405,80,Sonoi
2406,79,Shekhpur Sarai
2407,82,Srmera
2408,79,Sheikhpur
2409,82,Sarmera
2410,79,Ghat Koshamba
2411,79,Aiary
2412,79,Ghat Kushambha
2413,80,Gidhaur
2414,75,Tetia Bambar
2415,80,Barhat
2416,79,Hathiyawan
2417,80,Islam Nagar
2418,82,Bind
2419,78,Mokamah
2420,78,Ghoswari
2421,80,Na
2422,79,Shekhopur Sarai
2423,80,Chakai So
2424,75,Tetiabambar
2425,79,Mehus
2426,81,Chanan (bannu Bagicha)
2427,81,Chanan(bannu Bagicha)
2428,82,Ashtawan
2429,75,Hawelikhragpur
2430,81,Ramgarh Chowkq
2431,75,Sadar Munger
2432,80,Khaira Bo
2433,79,Shekhopursarai
2434,81,Bannubagicha (chanan)
2435,79,Shekhopura Sarai
2436,81,Piparia
2437,81,Pipariya
2438,75,Ramgarh
2439,81,Pipaia
2440,75,Hawelikharagpur
2441,82,Asthama
2442,82,Sermera
2443,48,Shamho
2444,81,Na
2445,81,Surajgaraha
2446,80,Jhajah
2447,75,Tetia
2448,82,Ashthwan
2449,82,Na
2450,78,Barh
2451,82,Nursarai
2452,82,Nagarnausa
2453,82,Hilsa
2454,82,Parwalpur
2455,82,Bihar
2456,82,Rahui
2457,82,Chandi
2458,78,Belchi
2459,82,Ben
2460,78,Daniyawan
2461,82,Islampur
2462,82,Sohsarai
2463,82,Tharthari
2464,78,Athmalgola
2465,82,Ekangersarai
2466,78,Mokama
2467,82,Karaipersurai
2468,82,Harnaut
2469,78,Ghoshwari
2470,78,Bakhtiarpur
2471,82,Silao
2472,82,Rajgir
2473,78,Pandarak
2474,82,Biharsharif
2475,82,Belchi Sharif
2476,78,Pandaak
2477,82,Giriak
2478,82,Biharsarif
2479,78,Bakhtiarpurj
2480,82,Ishlampur
2481,78,Asthawan
2482,82,Bathani
2483,82,Ekangarsarai
2484,82,Noorsaran
2485,82,Noorsarai
2486,78,Bah
2487,82,Hulashganj
2488,82,Nusarai
2489,82,Barh
2490,82,Bihar Sharif
2491,78,Patna
2492,82,Telhara
2493,83,Nawada
2494,83,Na
2495,70,Na
2496,83,Kashi Chak
2497,83,Pakribarawan
2498,83,Warisaliganj
2499,83,Gobindpur
2500,83,Rajauli
2501,83,Akbarpur
2502,83,Roh
2503,83,Hisua
2504,83,Pakribrawana
2505,83,Narhat
2506,83,Kawakol
2507,83,Meskaur
2508,83,Nawadha
2509,83,Nardiganj
2510,83,Sirdala
2511,78,Bihta
2512,78,Naubatpur
2513,78,Maner
2514,78,Dulhin Bazar
2515,78,Danapur
2516,78,Masaurhi
2517,78,Dinapur-cum-khagaul
2518,78,Patna Sadar
2519,78,Fatwa
2520,78,Na
2521,78,Phulwari
2522,78,Sampatchak
2523,78,Khagual
2524,78,Patna City
2525,78,Punpun
2526,78,Fatwah
2527,78,Khusrupur
2528,78,Dhanarua
2529,78,Bikram
2530,84,Bikramganj
2531,84,Dehri On Sone
2532,85,Adhaura
2533,85,Mohania
2534,85,Bhabua
2535,84,Akorhi
2536,84,Akorhi Gola
2537,84,Sasaram
2538,84,Chenari
2539,84,Rohtas
2540,84,Karakat
2541,84,Dinara
2542,84,Dawath
2543,84,Nasriganj
2544,85,Chainpur
2545,84,Akorhi Bazar
2546,84,Dehri
2547,84,Na
2548,84,Nokha
2549,85,Kudra
2550,85,Bhagwanpur
2551,84,Rajpur
2552,84,Tilouthu
2553,85,Nuaon
2554,84,Kochas
2555,84,Kargahar
2556,85,Na
2557,84,Sheosagar
2558,85,Durgawati
2559,84,Garh Nokha
2560,85,Chand
2561,84,Sanjhauli
2562,85,Koura
2563,85,Ramgarh
2564,85,Rampur
2565,84,Surajpura
2566,85,Bhabuaa
2567,57,Patepur
2568,57,Vaishali
2569,57,Jhandaha
2570,57,Bhagwanpur
2571,57,Mahnar
2572,57,Paedhi Belsar
2573,57,Hajipur
2574,57,Jandaha
2575,57,Sahdei Buzurg
2576,57,Rajapakar
2577,57,Sahdai Buzurg
2578,57,Bidupur
2579,57,Chehrakala
2580,57,Desari
2581,57,Goraul
2582,57,P. Belsar
2583,57,Mahuwa
2584,57,P.belsar
2585,57,Na
2586,57,Raghopur
2587,57,Paterhi Belsar
2588,57,Mahua
2589,57,Lalganj
2590,57,Goroul
2591,57,Lalgang
2592,57,Belsar
2593,53,Patori
2594,57,Sahdei Bujurg
2595,57,Jhanda
2596,57,Sahdei  Bujurg
2597,52,Kurhanni
2598,57,Bhaghwanpur
2599,57,S Buzurg
2600,86,Kanker
2601,87,Jagdalpur
2602,87,Keshkal
2603,86,Antagarh
2604,86,Na
2605,88,Dantewada
2606,88,Konta
2607,86,Bhanupratappur
2608,86,Bhaupratappur
2609,89,Bhopalpatnam
2610,87,Kondagaon
2611,86,Pakhanjore
2612,89,Bijapur
2613,88,Danteawada
2614,90,Narayanpur
2615,88,Dantaewada
2616,89,Bhairamgarh
2617,86,Charama
2618,86,Bhanupratappur4
2619,89,Dantewada
2620,87,Konta
2621,87,Na
2622,88,Dantewda
2623,88,Bhopalpatnam
2624,86,Narharpur
2625,91,Kargi Road
2626,92,Malkharoda
2627,92,Na
2628,93,Balconagar
2629,93,Jaijaipur
2630,91,Na
2631,92,Janjgir
2632,91,Lormi
2633,92,Chandrapur
2634,91,Pendra
2635,92,Sakti
2636,93,Malkharoda
2637,91,Takhatpur
2638,92,Gopalnagar
2639,91,Bilha
2640,91,Pendra Road
2641,91,Jairamnagar
2642,92,Dabhara
2643,92,Baloda
2644,91,Patharia
2645,93,Marwahi
2646,91,Bilaspur
2647,93,Pali
2648,93,Korba
2649,92,Champa
2650,92,Adbhar
2651,93,Machadoli
2652,93,Katghora
2653,91,Mungeli
2654,92,Akaltara
2655,92,Pamgarh
2656,93,Bhaisma
2657,92,Baradwar
2658,91,Kargiroad
2659,93,Kusmunda
2660,91,Ganiyari
2661,91,Masturi
2662,92,Seorinarayan
2663,92,Kharod
2664,93,Hardibazar
2665,91,Koni
2666,93,Rajgamar
2667,92,Dabhra
2668,91,Ratanpur
2669,91,Belgahana
2670,93,Jamnipali
2671,91,Pendraroad
2672,93,Baradwar
2673,93,Manikpur
2674,93,Birra
2675,91,Janjgir
2676,91,Hirri Mines
2677,93,Bamhni Bazar
2678,92,Nariyara
2679,93,Bankimongra
2680,91,Chakarbhata Camp
2681,92,Patharia
2682,91,Marwahi
2683,92,Chamba
2684,91,Seepat
2685,91,Belgahna
2686,94,Durg
2687,94,Gunderdehi
2688,94,Dondi Lohara
2689,94,Balod
2690,94,Dhamdha
2691,95,Mohla
2692,94,Dondi Awari
2693,95,Ambagarh Chowki
2694,95,Ambagarh Chowk
2695,94,Berla
2696,94,Nawagarh
2697,95,Dongargarh
2698,95,Dongargaon
2699,95,Khairagarh
2700,95,Manpur
2701,94,Bemetara
2702,94,Nandghat
2703,96,Pandaria
2704,95,Rajnandgaon
2705,95,Chhuria
2706,96,Kawardha
2707,94,Gurur
2708,94,Saja
2709,94,Patan
2710,94,Na
2711,94,Dondiluhara
2712,95,Chhuikhadan
2713,95,Na
2714,95,Khairagarh Raj
2715,94,Nawgarh
2716,95,Gandai Pandaria
2717,96,Pandariya
2718,95,Ambagarh
2719,94,Dondi
2720,94,Patah
2721,94,Sanjaribalod
2722,97,Na
2723,97,Ambikapur
2724,98,Na
2725,98,Sarangarh
2726,99,Kunkuri
2727,99,Na
2728,99,Bagicha
2729,100,Na
2730,99,Jashpurnagar
2731,98,Raigarh
2732,97,Rajpur
2733,98,Gharghoda
2734,98,Udaipur (dharamjaigarh)
2735,100,Baikunthapur
2736,98,Kharsia
2737,97,Surajpur
2738,97,Surguja
2739,97,Pratappur
2740,100,Manendragarh
2741,100,Janakpur
2742,98,Sarnagarh
2743,97,Sitapur
2744,97,Lakhanpur
2745,98,Dharmajaigarh
2746,99,Pathalgaon
2747,97,Kusmi
2748,98,Kunkuri
2749,97,Pratppur
2750,100,Chirimiri
2751,98,Saramgarh
2752,99,Jashpur
2753,99,Pathalgoan
2754,98,Raigrh
2755,98,Raiggarh
2756,98,Saria
2757,100,Manendrgarh
2758,98,Tamnar
2759,101,Abhanpur
2760,102,Mahasamund
2761,103,Dhamtari
2762,103,Kurud
2763,101,Kharora
2764,101,Lawan
2765,101,Phingeshwar
2766,101,Manddar Cement Factory
2767,101,Kasdol
2768,103,Nagri
2769,102,Saraipali
2770,101,Pallari
2771,101,Deobhog
2772,101,Sarsiwa
2773,102,Bsna
2774,101,Arang
2775,102,Jagdishpur
2776,101,Rawan
2777,101,Panduka
2778,103,Na
2779,101,Na
2780,102,Na
2781,101,Baloda Bazar
2782,101,Simga
2783,102,Basna
2784,102,Pithora
2785,101,Katgi
2786,101,Kurud
2787,101,Rajim
2788,101,Gariaband
2789,101,Pithora
2790,102,Bagbahra
2791,101,Hathband
2792,101,Bhatapara
2793,101,Hirmi
2794,103,Rudri
2795,101,Bilaigarh
2796,101,Watgan
2797,102,Gp Village Bhotha
2798,101,Phigeshwar
2799,101,Raipur
2800,101,Neora
2801,101,Mandi R Hasod
2802,101,Sankra
2803,101,Baikunth
2804,102,Sankra
2805,101,Chhura
2806,101,Mana Camp
2807,102,Gp Village  Deori
2808,101,Birgaon
2809,101,Bhatgaon
2810,101,Grasim Vihar Rawan
2811,101,Gariand
2812,101,Mandir Hasod
2813,104,Gariaband
2814,102,Gp Village Hathibahra
2815,102,Gp Village of Kaskera
2816,102,Gp Village Khatti
2817,102,Gp Village Komakhan of  Mahasa
2818,101,Tilda
2819,101,Debhog
2820,101,Baloda  Bazar
2821,101,Bindranawagarh
2822,101,Deobhag
2823,102,Gp Village of Narra
2824,102,Gp Village Salhebhata
2825,103,Nagir
2826,101,Dharsiwa
2827,105,Na
2828,106,Na
2829,105,East Delhi
2830,107,Delhi North East
2831,108,Delhi
2832,107,Delhi
2833,108,North
2834,108,Na
2835,107,Na
2836,107,North West Delhi
2837,109,New Delhi
2838,109,Delhi
2839,110,New Delhi
2840,111,Na
2841,111,New Delhi
2842,111,South Delhi
2843,112,Na
2844,112,South West Delhi
2845,112,Delhi
2846,112,New Delhi
2847,113,New Delhi
2848,113,Na
2849,114,Ahmadabad City
2850,114,Daskroi
2851,114,City Ahmedabad
2852,114,Dascroi
2853,114,Dasroi
2854,115,Dehgam
2855,114,Gandhinagar
2856,114,City Taluka
2857,114,Dhandhuka
2858,114,Sanand
2859,114,Ahmedabad
2860,115,Gandhinagar
2861,116,Kankrej
2862,116,Disa
2863,116,Vav
2864,116,Dhanera
2865,116,Danta
2866,116,Palanpur
2867,116,Tharad
2868,116,Vadgam
2869,116,Bhabhar
2870,116,Amirgadh
2871,116,Dantiwada
2872,116,Deodar
2873,116,Shri Amirgadh
2874,116,Shriamirgadh
2875,116,Deesa
2876,116,Na
2877,116,Kankraj
2878,116,Vadagam
2879,114,Detroj-rampura
2880,114,Bavla
2881,115,Mansa
2882,114,Ranpur
2883,115,Kalol
2884,114,Dholka
2885,114,Viramgam
2886,114,Detrioj-rampura
2887,114,Barwala
2888,117,Kadi
2889,114,Detroj- Rampura
2890,114,Detroj Rampura
2891,114,Mandal
2892,114,Sannad
2893,115,Gandhi Nagar
2894,118,Patdi
2895,114,Dehgam
2896,117,Kalol
2897,114,Ahmedabad City
2898,117,Vijapur
2899,117,Unjha
2900,117,Mahesana
2901,117,Becharaji
2902,117,Kheralu
2903,117,Satlasana
2904,117,Vadnagar
2905,117,Visnagar
2906,117,Satalasana
2907,117,Vadnabar
2908,119,Santalpur
2909,119,Patan
2910,119,Sami
2911,119,Harij
2912,119,Radhanpur
2913,119,Sidhpur
2914,119,Chanasma
2915,117,Patan
2916,119,Santalpurp
2917,120,Vijaynagar
2918,120,Bhiloda
2919,120,Modasa
2920,120,Himatnagar
2921,120,Khedbrahma
2922,120,Dhansura
2923,120,Bayad
2924,114,Na
2925,120,Prantij
2926,120,Talod
2927,120,Malpur
2928,120,Idar
2929,120,Vadali
2930,120,Meghraj
2931,120,Himatnagar.
2932,120,Vijaynagar.
2933,120,Himatanagar
2934,121,Savar Kundla
2935,121,Amreli
2936,121,Na
2937,121,Bagasara
2938,121,Lathi
2939,121,Dhari
2940,121,Babra
2941,122,Jetpur
2942,121,Khambha
2943,121,Rajula
2944,121,Kunkavav Vadia
2945,121,Savarkundla
2946,121,Liliya
2947,121,Kunkvav-vadia
2948,121,Jafrabad
2949,123,Visavadar
2950,124,Savarkundla
2951,121,Bagsra
2952,124,Bhavnagar
2953,124,Gadhada
2954,124,Sihor
2955,124,Umrala
2956,124,Talaja
2957,124,Vallabhipur
2958,124,Palitana
2959,124,Gadhada Sn
2960,124,Na
2961,124,Botad
2962,124,Mahuva
2963,124,Vallbhipur
2964,124,Gariyadhar
2965,124,Gogha
2966,124,Jesar
2967,124,Vallabhiopur
2968,124,Vallbhiopur
2969,122,Jasdan
2970,122,Gondal
2971,122,Upleta
2972,122,Kotda
2973,122,Kotda Sangani
2974,125,Jamjodhpur
2975,122,Jamkandorna
2976,122,Dhoraji
2977,122,Lodhika
2978,122,Na
2979,126,Kutiyana
2980,118,Sayla
2981,123,Manavadar
2982,125,Jodiya
2983,125,Jamnagar
2984,125,Jodia
2985,125,Bhanvad
2986,125,Kalavad
2987,125,Lalpur
2988,125,Khambhalia
2989,125,Jamkalyanpur
2990,125,Kalyanpur
2991,125,Okhamandal
2992,125,Kahbhalia
2993,125,Dhrol
2994,126,Bhanvad
2995,126,Jamjodhpur
2996,123,Kodinar
2997,123,Na
2998,123,Patan-veraval
2999,123,Keshod
3000,123,Una
3001,123,Junagadh
3002,123,Talala
3003,123,Bhesan
3004,127,Diu
3005,123,Malia
3006,123,Vanthali(s)
3007,127,Diu U.T.
3008,123,Sutrapada
3009,123,Mendarda
3010,123,Malia Hatina
3011,127,Na
3012,128,Mundra
3013,128,Rahpar
3014,128,Bhachau
3015,128,Gandhidham
3016,128,Abdasa
3017,128,Nakhatrana
3018,128,Kachchh
3019,128,Bhuj
3020,128,Anjar
3021,128,Mandvi
3022,128,Lakhpat
3023,128,Rapar
3024,128,Kachch
3025,128,Mandavi
3026,128,Lakhapat
3027,128,K. Mandvi
3028,128,Na
3029,126,Na
3030,126,Porbandar
3031,123,Mangrol
3032,126,Ranavav
3033,123,Porbandar
3034,126,Manavadar
3035,126,Porbaandar
3036,123,Vanthli
3037,122,Paddhari
3038,122,Wankaner
3039,122,Rajkot
3040,122,Morbi
3041,122,Tankara
3042,122,Dahisara
3043,122,Maliya
3044,122,Malia(m)
3045,122,Morvi
3046,122,Dhrol
3047,122,Maliya Miyana
3048,122,Kotda Saangani
3049,122,Taankaraa
3050,122,Sardhar
3051,122,Maliya  Miyana
3052,122,Kotda Sanghani
3053,118,Lakhtar
3054,118,Dasada
3055,118,Halvad
3056,118,Dasda
3057,118,Chotila
3058,118,Limbdi
3059,118,Wadhwancity
3060,118,Dasdaa
3061,118,Dhrangadhra
3062,118,Muli
3063,118,Limbdiq
3064,118,Dhrangsadhra
3065,118,Wadhwan
3066,118,Lkhtar
3067,118,Limndi
3068,118,Na
3069,118,Dshrangadhra
3070,118,Dhandhuka
3071,118,Wadhwanicity
3072,129,Anand
3073,130,Thasra
3074,129,Petlad
3075,129,Umreth
3076,129,Borsad
3077,130,Balasinor
3078,129,Anklav
3079,129,Na
3080,130,Birpur
3081,130,Kheda
3082,130,Virpur
3083,129,Unreth
3084,129,Perlad
3085,130,Thsra
3086,131,Kamrej
3087,131,Bardoli
3088,131,Songadh
3089,132,Ahwa
3090,131,Valod
3091,131,Palsana
3092,131,Mandvi
3093,131,Vyara
3094,131,Mahuva
3095,131,Nizar
3096,133,Vyara
3097,131,Uchchhal
3098,131,Ahwa
3099,132,Dang
3100,131,Na
3101,132,Dangs
3102,133,Valod
3103,132,The Dangs
3104,131,Nijhar
3105,131,Makrej
3106,133,Nijhar
3107,131,Choryasi
3108,131,Dang
3109,133,Fort Songadh
3110,133,Uchchhal
3111,133,Songadh
3112,134,Ahwa
3113,134,Dang
3114,135,Na
3115,136,Bharuch
3116,136,Amod
3117,136,Vagra
3118,137,Dediapada
3119,136,Anklesvar
3120,136,Jambusar
3121,136,Jhagadia
3122,136,Dediapada
3123,136,Hansot
3124,137,Sagbara
3125,137,Nandod
3126,135,Bharuch
3127,131,Jambusar
3128,135,Ankleshwar
3129,136,Ankleshwar
3130,135,Valia
3131,136,Valia
3132,131,Valia
3133,136,Bahruch
3134,135,Karjan
3135,135,Jambusar
3136,136,Nandod
3137,137,Nadod
3138,135,Rajpipala
3139,135,Vagra
3140,136,Na
3141,136,Sagbara
3142,135,Jambsuar
3143,130,Kathlal
3144,130,Kapadwanj
3145,130,Nadiad
3146,130,Mahemdavad
3147,130,Mahudha
3148,130,Matar
3149,130,Kapadvanj
3150,130,Mehmedabad
3151,130,Na
3152,129,Khambhat
3153,129,Sojitra
3154,130,Mahemdabad
3155,130,Sojitra
3156,129,Matar
3157,130,Naidiad
3158,130,Borsad
3159,129,Tarapur
3160,130,Petlad
3161,130,Tarapur
3162,129,Tarapura=
3163,130,Umreth
3164,134,Jalalpore
3165,134,Chikhli
3166,134,Navsari
3167,134,Gandevi
3168,134,Vansda
3169,134,Jalalporre
3170,138,Devgadbaria
3171,138,Garbada
3172,139,Kalol
3173,138,Fatepura
3174,138,Limkheda
3175,139,Lunawada
3176,139,Morva Hadaf
3177,138,Dhanpur
3178,138,Dahod
3179,138,Jahlod
3180,139,Devgadh Baria
3181,139,Godhra
3182,139,Kadana
3183,138,Jhalod
3184,139,Shehera
3185,139,Santrampur
3186,138,Devgadh Baria
3187,139,Halol
3188,139,Khanpur
3189,139,Ghoghmba
3190,138,Dohad
3191,139,Holol
3192,138,Santrampur
3193,139,Ghoghamba
3194,139,Jambughoda
3195,138,Panchamahals
3196,139,Na
3197,139,Santrampura
3198,139,Morwa (hadaf)
3199,138,Likheda
3200,135,Savli
3201,131,Surat City
3202,131,Surat
3203,131,Chorasi
3204,131,Vankal
3205,131,Olpad
3206,131,Mangrol
3207,131,Sayan
3208,131,Zankhvav
3209,131,Umarpada
3210,131,Sachin
3211,131,Udhna
3212,131,Lajpore
3213,131,Velachha
3214,136,Olpad
3215,131,Chorayasi
3216,131,Variav
3217,135,Sinor
3218,135,Tilakwada
3219,135,Vadodara
3220,135,Sankheda
3221,135,Naswadi
3222,137,Tilakwada
3223,135,Kawant
3224,135,Chhota Udepur
3225,135,Dabhoi
3226,135,Pavijetpur
3227,135,Ch.udepur
3228,135,Chhota-udepur
3229,135,Bodeli
3230,135,Chhotaudepur
3231,137,Na
3232,135,Nasvadi
3233,135,Pavijetpura
3234,137,Dabhoi
3235,135,Padra
3236,135,Vaghodia
3237,135,Vaghoida
3238,135,Vaghodida
3239,140,Umargam
3240,140,Kaprada
3241,140,Dharampur
3242,140,Pardi
3243,140,Umbergaon
3244,141,Dadra & Nagar Haveli
3245,140,Valsad
3246,140,Vansda
3247,142,Daman
3248,140,Dungri
3249,140,Na
3250,140,Hanuman Bhagda
3251,141,Pardi
3252,134,Bansda
3253,140,Dadra & Nagar Haveli
3254,140,Umargarm
3255,143,Na
3256,143,Ambala
3257,143,Barara
3258,143,Panchkula
3259,144,Ambala
3260,145,Kalka
3261,145,Panchkula
3262,143,Naraingarh
3263,145,Ambala City Ho
3264,144,Jagadhri
3265,144,Yamuna Nagar
3266,144,Chhachhrauli
3267,144,Na
3268,145,Ambala
3269,143,Ambala City
3270,145,Ambala City
3271,146,Achina
3272,146,Dadri
3273,146,Biwani
3274,146,Bhiwani
3275,146,Badhara
3276,146,Charkhi Dadri
3277,146,Loharu
3278,146,Bawani Khera
3279,146,Siwani
3280,146,Baund
3281,146,Dadari
3282,146,Ch-dadri
3283,146,Mundhal
3284,146,Tosham
3285,146,Bawanikhera
3286,147,Palwal
3287,147,Hodal
3288,147,Ballabgarh
3289,147,Faridabad
3290,147,Hathin
3291,148,Na
3292,149,Ahrod
3293,148,Air Force
3294,150,Akberpur
3295,150,Akoda
3296,148,Arjun Nagar
3297,150,Bawal
3298,149,Rewari
3299,150,Azamabad Mukhota
3300,149,B B Ashram
3301,149,Mandi Ateli
3302,150,Narnaul
3303,148,Badshahpur
3304,148,Tauru
3305,150,Baghot
3306,149,Baghthala
3307,150,Bairawas
3308,149,Banipur
3309,150,Barda
3310,150,Barkoda
3311,150,Basai
3312,148,Basai Road
3313,149,Basbatori
3314,149,Basduda
3315,150,Bashirpur
3316,150,Bawana
3317,150,Bawania
3318,150,Bawwa
3319,150,Bayal
3320,150,Behali
3321,150,Beri
3322,150,Bewal
3323,149,Bhakli
3324,150,Bharaf
3325,149,Bhatsana
3326,149,Bhojawas
3327,148,Bhondsi
3328,148,Bhorakalan
3329,149,Bhotwas Ahir
3330,150,Mahendergarh
3331,150,Bhaungerka
3332,150,Bhushan Kalan
3333,149,Bikaner
3334,150,Bisowa
3335,149,Bithwana
3336,149,Boria Kamalpur
3337,150,Buddin
3338,149,Budhpur
3339,150,Budhwa
3340,149,Buroli
3341,149,Bhrthala
3342,150,C R Mgrh
3343,150,Chillro
3344,149,Chita Dungra
3345,150,Chitrauli
3346,150,Dahina
3347,149,Dakhora
3348,150,Dalanwas
3349,150,Daroli Ahir
3350,149,Daroli
3351,149,Dehlawas Gulabpur
3352,149,Dewas
3353,150,Dhadhot
3354,149,Dhana
3355,150,Dhanaunda
3356,150,Dhanota
3357,150,Dharan
3358,150,Dharson
3359,149,Dharuhera
3360,149,Dhawana
3361,150,Dholera
3362,150,Dhor Kalan
3363,150,Digrota
3364,148,Dlf Ph-ii
3365,148,Dlf Ph-iii
3366,148,Dlf Qe
3367,150,Dochana
3368,150,Dongra Ahir
3369,150,Dulana
3370,150,Dulat Jat
3371,150,Dulot Ahir
3372,149,Dunderwas
3373,148,Farrukh Nagar
3374,148,Ferozepur Jhirka
3375,148,Galleria Dlf-iv
3376,150,Ganiar
3377,150,Garhi
3378,149,Garhi Bolni
3379,148,Garhi Harsaru
3380,149,Gokalgarh
3381,150,Gokalpur
3382,150,Golwa
3383,149,Gothra
3384,149,Gothera
3385,149,Gugodh
3386,149,Gujar Majra
3387,150,Gujarwas
3388,149,Guraora
3389,148,Sadar Bazar
3390,148,Gurgaon Kty.
3391,148,Sector-17
3392,148,Sector -45
3393,150,Gurha
3394,149,Guriani
3395,148,Haillymandi
3396,150,Hamidpur
3397,150,Hudina
3398,148,Manesar
3399,148,Industrial Complex Dundahera
3400,148,Industrial Estate
3401,149,Jaisinghpur Khera
3402,149,Jakhala
3403,150,Jarwa
3404,149,Jatusana Rs
3405,149,Jhabuwa
3406,149,Jhagroli
3407,149,Jhal
3408,150,Jharoda
3409,150,Jhoiri
3410,150,Jhook
3411,149,Juddi
3412,150,Kakrola
3413,150,Kamania
3414,150,Kanina Mandi
3415,150,Kanina
3416,148,Gurgaon
3417,149,Kannaura
3418,150,Kanti
3419,150,Kanti Kheri
3420,149,Kanwali
3421,150,Kanwi
3422,149,Karawara
3423,149,Karnawas
3424,150,Karoli
3425,150,Karota
3426,149,Khaleta
3427,148,Khalilpur
3428,149,Khandora
3429,149,Kharkhara
3430,150,Khatod
3431,150,Kheri
3432,148,Sohna
3433,149,Khol
3434,149,Khori
3435,150,Khudana
3436,150,Kohrar
3437,149,Kolana
3438,150,Koriawas
3439,149,Kosli R S
3440,149,Kosli
3441,150,Kothal Khurd
3442,150,Kotia
3443,150,Krishan Nagar
3444,150,Kultazpur
3445,149,Kund
3446,150,Kurawata
3447,150,Lawan
3448,150,Lilodh
3449,149,Lisan
3450,150,Lookhi
3451,149,Lula Ahir
3452,150,Madhana Kalan
3453,150,Madhogarh
3454,149,Maheshwari
3455,149,Majra Gurdas
3456,149,Majra Sheoraj  Majra Sheoraj
3457,149,Mamaria Ahir
3458,150,Mandi
3459,150,Mandola
3460,149,Mandola
3461,149,Masani
3462,149,Mastapur
3463,149,Mayan
3464,148,Mini Sectt.
3465,149,Mohanpur
3466,150,Mohindergarh
3467,149,Motla Kalan
3468,149,Mundi
3469,149,Musepur
3470,148,Nagina
3471,149,Nahar
3472,149,Naichana
3473,149,Nand Rampurbas
3474,149,Nangal
3475,150,Nangal Dargu
3476,149,Nangal Jamalpur
3477,150,Nagal Katha
3478,149,Nangal Pathani
3479,150,Nangal Sirohi
3480,149,Nangal Teju
3481,150,Nangalmala
3482,149,Nangli Godha
3483,148,Nanukalan
3484,150,Civil Line
3485,148,Narsinghpur
3486,150,Nautana
3487,150,Nawan
3488,150,Naigawan
3489,150,Neerpur
3490,150,Nehrugarh
3491,149,New Anaz Mandi Rewari
3492,148,New Colony
3493,150,Niamatpur
3494,150,Nihalawas
3495,150,Nimbi
3496,149,Nimoth
3497,150,Nizampur R.s.
3498,148,Nsg Camp Manesar
3499,148,Nuh
3500,148,Palam Road
3501,148,Palam Vihar
3502,149,Palhawas
3503,149,Pali
3504,150,Pali
3505,150,Palri Panihara
3506,148,Pataudi
3507,149,Pathera
3508,150,Patherwa
3509,150,Pota
3510,149,Pranpura
3511,148,Punhana
3512,149,Punsika
3513,148,Railway Road
3514,149,Rajgarh
3515,149,Raliawas
3516,150,Rambas
3517,149,Rampuri
3518,150,Rasoolpur
3519,150,Rattan Kalan
3520,149,Rattanthal
3521,149,Rohrai
3522,149,Sadat Nagar
3523,149,Saharanwas
3524,149,Sangwari
3525,150,Sareli
3526,150,Satnali
3527,150,Sehlong
3528,150,Sehma
3529,148,Shivaji Nagar
3530,149,Shayam Nagar
3531,150,Shyampura
3532,150,Siana
3533,149,Siha
3534,150,Sihore
3535,150,Sirohi Behali
3536,148,Sohna Adda
3537,149,Sulkha
3538,149,Sundrah
3539,149,Surethi
3540,150,Sureti Kalan
3541,149,Suthana
3542,150,Tajpur
3543,149,Tankri
3544,150,Thanwas
3545,149,Tint
3546,149,Tumna
3547,148,Urban Estate
3548,149,Zainabad
3549,151,Hansi
3550,152,Mandi Dabwali
3551,151,Hisar
3552,153,Rattia
3553,153,Fatehabad
3554,152,Sirsa
3555,153,Tohana
3556,152,Baragudha
3557,152,Na
3558,153,Hisar
3559,152,Odhan
3560,152,Kalanwali
3561,152,Dabwali
3562,151,Na
3563,152,Rania
3564,151,Tohana
3565,152,M.dabwali
3566,151,Rattia
3567,152,Kaanwali
3568,152,Hisar
3569,152,Kalan Wali
3570,154,Nissing
3571,155,Panipat
3572,156,Jind
3573,154,Nigdhu
3574,156,Narwana
3575,154,Assandh
3576,156,Safidon
3577,154,Nilokheri
3578,154,Karnal
3579,154,Jundla
3580,154,S.s. Kunjpura
3581,154,Madhuban
3582,154,Gharunda
3583,154,Indri
3584,154,Ss Kunjpura
3585,154,Garunda
3586,154,Guarunda
3587,156,Narwnaa
3588,154,Kunjpura
3589,156,Jind  Jind
3590,155,Panipat  Panipat
3591,154,Indri]
3592,154,Gharudna
3593,154,Na
3594,154,Karnal'karnal
3595,157,Guhla
3596,157,Pundri
3597,158,Shahbad
3598,158,Thanesar
3599,158,Babain
3600,157,Kalayat
3601,158,Ladwa
3602,158,Pehowa
3603,157,Kaithal
3604,157,Rajaund
3605,158,Shahbad\
3606,158,Thanesa
3607,157,Kaithal  Kaithal
3608,158,Tthanesar
3609,158,Shahabad
3610,158,Pehwoa
3611,159,Jhajjar
3612,160,Rohtak
3613,159,Bahadurgarh
3614,160,Mehem
3615,160,Rohak
3616,160,Na
3617,159,Na
3618,159,Jhanswakalan
3619,159,Jharli
3620,159,Jondhi
3621,160,Rothak
3622,159,Jhajar
3623,159,Jahjjar
3624,159,Jhajajr
3625,159,Jhamri
3626,159,Bahaudrgarh
3627,159,Jhajjr
3628,159,Bahadurarh
3629,161,Na
3630,161,Sonipat
3631,161,Ganaur
3632,161,Gohana
3633,161,Kharkhoda
3634,162,Churah
3635,162,Salooni
3636,162,Bhatiyat
3637,162,Chamba
3638,162,Bharmour
3639,162,Slooni
3640,162,Bhallai
3641,162,Holi
3642,162,Bhalei
3643,162,Sihunta
3644,162,Pangi
3645,162,Chamba(t)
3646,162,Dalhousie(t)
3647,162,Chmaba
3648,162,Dal Housia
3649,162,Bahrmour
3650,163,Dehra
3651,163,Rakkar
3652,163,Dera Gopipur(t)
3653,163,Jawali(t)
3654,163,Quasba Kotla
3655,163,Baroh(t)
3656,163,Kangra
3657,163,Na
3658,163,Kangra(t)
3659,163,Baroh
3660,163,Jaswan(t)
3661,163,Fatehpur(t)
3662,163,Nurpur(t)
3663,163,Shahpur(t)
3664,163,Jawali
3665,163,Rakkar(S.T)
3666,163,Harchakian(S.T)
3667,163,Dehra Gopipur
3668,163,Khundian(t)
3669,163,Fatehpur
3670,163,Nurpur
3671,163,Qasba Kotla
3672,163,Kangara
3673,163,Qusba Kotla
3674,164,Na
3675,163,Khundian
3676,163,Khuandian
3677,163,Shahpur
3678,163,Jaiinghpur
3679,163,Baijnath
3680,163,Sahpur
3681,163,Palampur
3682,163,Jaisinghpur
3683,163,Kotla
3684,163,Dharamsala
3685,163,Indora
3686,163,Indora So
3687,163,Baijanath
3688,163,Harcahkian
3689,163,Jaisisnghpur
3690,163,Shapur/jawali
3691,163,Jasinghpur
3692,163,Jainshgpur
3693,165,Bhoranj
3694,164,Ghumarwin
3695,165,Hamirpur
3696,165,Bhoranj(t)
3697,164,Jhanduta
3698,165,Nadaun
3699,165,Bhuranj
3700,165,Barsar
3701,165,Sp Tira
3702,164,Jhandutta
3703,165,Bijhari
3704,164,Jhamdutta
3705,164,Bilaspur
3706,165,Ghumarwin
3707,165,Nadaun(t)
3708,164,Naina Devi
3709,164,Jhandutha
3710,165,Tira Sujanpur(t)
3711,165,S P Tira
3712,165,Barsar(t)
3713,164,Bilaspur Sadar(t)
3714,165,Hamirpur(t)
3715,164,Ghuamrwin
3716,165,Bhorang
3717,166,Bangana
3718,165,Mehre
3719,164,Bilaspur Sadar
3720,164,Jhansdutta
3721,165,Sujanpur
3722,164,Jhanduta(t)
3723,164,Jhandutt
3724,164,Blaspur
3725,164,Bilapur
3726,165,Sujanpur Tira
3727,165,Bhaoranj
3728,167,Jogindernagar
3729,168,Kullu
3730,167,Sadar
3731,167,Karsog
3732,168,Banjar(t)
3733,168,Kullu(t)
3734,167,Mandi
3735,167,Sarkaghat
3736,167,Chachiot
3737,167,Thunag(t)
3738,167,Thunag
3739,168,Manali(t)
3740,168,Banjar
3741,168,Sainj(S.T)
3742,167,Sunder Nagar
3743,167,Joginder Nagar
3744,167,Jogindarnagar(t)
3745,167,Lad Bharol(t)
3746,167,Aut(S.T)
3747,168,Naggar
3748,167,Padhar(t)
3749,167,Dharmpur(S.T)
3750,167,Sundarnagar(t)
3751,167,Kotli(S.T)
3752,167,Sarkaghat(t)
3753,167,Chachyot(t)
3754,167,Nihri(S.T)
3755,167,Sadar Mandi
3756,167,Mandi(t)
3757,167,Sundernagar
3758,169,Udaipur
3759,167,Sandhol(S.T)
3760,167,Bali Chowki(S.T)
3761,167,Karsog(t)
3762,169,Lahaul
3763,167,Baldwara(S.T)
3764,167,Banjar
3765,169,Lahul     (t)
3766,167,Jogindr Nagar
3767,167,Sundr Nagar
3768,170,Poo(t)
3769,168,Anni
3770,168,Nirmand
3771,170,Moorang
3772,171,Rampur Bushahr
3773,171,Nankhari
3774,171,Kumarsain
3775,170,Kalpa(t)
3776,170,Nichar(t)
3777,171,Kumharsain(t)
3778,170,Sangla(t)
3779,168,Nermand(t)
3780,171,Rampur(t)
3781,170,Morang(t)
3782,168,Ani(S.T)
3783,171,Nankhari(S.T)
3784,169,Spiti
3785,170,Hangrang
3786,169,Spiti       (t)
3787,170,Sangla
3788,170,Nichar
3789,170,Pooh
3790,171,Nankahri
3791,171,Shimla Urban(t)
3792,171,Shimla
3793,171,Jubbal
3794,171,Rohru
3795,171,Kotkhai
3796,171,Kothkhai
3797,171,Theog
3798,171,Chopal
3799,171,Suni
3800,171,Shimla Rural(t)
3801,172,Rajgarh
3802,171,Chopl
3803,171,Shimla R
3804,171,Chirgaon
3805,171,Rampur
3806,171,Dodra Kawar
3807,171,Shimlar
3808,171,Choupal
3809,171,Sunni
3810,172,Sangrah
3811,173,Kandaghat
3812,173,Na
3813,173,Nalagarh
3814,173,Ramshahar
3815,172,Sangarh
3816,172,Pachhad
3817,173,Arki
3818,172,Shillai
3819,172,Paonta
3820,172,Nahan
3821,173,Solan
3822,173,Kasauli
3823,172,Shilai
3824,172,Sangah
3825,172,Sangarha
3826,172,Rajgarah
3827,172,Nahan(t)
3828,173,Junga
3829,172,Sangarah
3830,172,Poanta Sahib
3831,172,Rajghar
3832,171,Junga
3833,172,Pajhota
3834,172,Shilla
3835,172,Na
3836,173,Kasauli(t)
3837,173,Ramsheher
3838,172,Nohra
3839,171,Kandaghat
3840,173,Solan(t)
3841,166,Una
3842,166,Amb
3843,166,Amb(t)
3844,166,Bangana(t)
3845,166,Bharwain
3846,166,Haroli
3847,166,Una(t)
3848,166,Bharwain(S.T)
3849,166,Haroli(S.T)
3850,174,Gurez
3851,175,Bandipora
3852,176,Kupwara
3853,175,Sonawari
3854,175,Pattan
3855,175,Sumbal
3856,176,Sopore
3857,175,Gurez
3858,175,Sopore
3859,175,Uri
3860,175,Baramulla
3861,176,Handwara
3862,176,Tagdhar
3863,176,Sogam
3864,176,Tangdahr
3865,175,Handwara
3866,176,Tangdhar
3867,175,Sorore
3868,176,Hadwara
3869,177,Na
3870,177,Samba
3871,177,Jammu
3872,178,Kathua
3873,178,Hiranagar
3874,178,Billawar
3875,178,Billwar
3876,177,Akhnoor
3877,178,Bani
3878,178,Basoli
3879,178,Bashohli
3880,177,Bishna
3881,177,Ranbirsinghpora
3882,179,Na
3883,178,Na
3884,179,Jammu
3885,180,Poonch
3886,181,Kargil
3887,182,Leh
3888,181,Kargil Kargil
3889,181,Kargilr
3890,182,Nobra
3891,181,Drass
3892,182,L:eh
3893,181,Zanskar
3894,182,Khalsi
3895,182,Na
3896,182,Ladakh
3897,181,Mulbek
3898,181,Kargl
3899,181,Sankoo
3900,182,Len
3901,181,Kargil; Kargil
3902,183,Rajouri
3903,180,Rajouri
3904,184,Jammu
3905,183,Jammu
3906,183,Na
3907,185,A K Pora
3908,186,Abhama
3909,185,Abi Karlpora
3910,187,Achabal
3911,187,Achan
3912,188,Na
3913,189,Na
3914,187,Na
3915,187,Aharbal
3916,190,Damhal Hanji Pora
3917,187,Ahmedbad
3918,185,Kangan
3919,187,Anantnag
3920,187,Anantnag Ho
3921,185,Na
3922,186,Arath
3923,186,Na
3924,189,Aripal
3925,175,Aripanthan
3926,189,Awantipora
3927,187,Awenura
3928,175,Na
3929,175,Badran
3930,185,Badyar Balla
3931,185,Bagh Mehtab
3932,189,Baigund
3933,186,Bandgam
3934,189,Bargam
3935,187,Barsoo
3936,189,Batagund
3937,185,Srinagar
3938,189,Bathnoor
3939,189,Batpora
3940,185,Batrara
3941,185,Tangmarg
3942,186,Beerwah
3943,187,Behibagh
3944,187,Bonagand
3945,189,Bouli
3946,187,Qazigund
3947,189,Buchoo
3948,186,Budgam
3949,187,Bugam
3950,185,Central Market
3951,186,Chadoora
3952,187,Pulwama
3953,175,Tangmarg
3954,186,Char-sharief
3955,189,Chattargam
3956,187,Chimar
3957,187,D.h Pora
3958,187,D.k Marg
3959,189,Dadsar
3960,186,Darwan Nawgam
3961,187,Demidulla
3962,187,Dialgam
3963,187,Dooru
3964,187,Frisal
3965,185,Ganderbal
3966,186,Garend
3967,187,Gopal Pora
3968,187,Gopalpora
3969,175,Gulmarg
3970,185,Gund
3971,187,Halsidar
3972,186,Hardudalwan
3973,189,Haripora
3974,187,Shopian
3975,187,Hutmarah
3976,186,Hyderpora
3977,186,Ichgam
3978,185,Jawahar Nagar
3979,186,Jawalapora
3980,189,Kachachakote
3981,186,Kachwari
3982,189,Kahleel
3983,189,Pulwama
3984,187,Kaprin
3985,185,Karan Nagar
3986,185,Kashmir University
3987,185,Kathi Darwaza
3988,187,Katrasoo
3989,189,Keller Mastpora
3990,186,Kanidagan
3991,186,Kanihama
3992,187,Khanabal
3993,187,Khigogipora
3994,185,Khrew
3995,187,Khull
3996,187,Kokernag
3997,187,Kragsoo
3998,186,Badgam
3999,186,Krem Shora
4000,185,Kulan
4001,189,Kulgam
4002,189,Kund Bo
4003,186,Lalgam
4004,187,Larnoo
4005,186,Later Chadoora
4006,187,Lower Mundah
4007,187,Pampore
4008,189,Lurgam
4009,187,M/gufan
4010,186,Magam
4011,189,Mandoora
4012,187,Manjmoh
4013,187,Manzgam
4014,187,Martand
4015,189,Midroo
4016,186,Nagam
4017,175,Nambal
4018,187,Nandi Marg
4019,185,Nandpora
4020,187,Nanil
4021,187,Kukarnag
4022,175,Beerwah
4023,187,Nasnoor
4024,186,Natipora
4025,187,Nehama
4026,187,Nissu
4027,187,Noonmai
4028,185,Noushera
4029,187,Nowgam
4030,186,Nowgam
4031,186,Ompora
4032,186,Chadura
4033,186,Pakherpora
4034,185,Pampore
4035,185,Pantha Chowk
4036,187,Panzeth
4037,185,Parimpora
4038,189,Pastana
4039,187,Pahalgam
4040,189,Linglish
4041,187,Bijbehara
4042,187,Qanmar
4043,186,R H Hall
4044,185,Rainawari
4045,186,Raithan
4046,187,Ranbirpora
4047,186,Rangar
4048,187,Reban Gund
4049,185,S Bala
4050,185,S R Gunj
4051,187,Sadinare
4052,186,Sagam
4053,189,Saimoh
4054,186,Sanat Nagar
4055,185,Sathu
4056,189,Satura
4057,187,Ananthnag
4058,186,Shogapora
4059,186,Sholipora
4060,189,Shopin
4061,186,Saibugh
4062,186,Suraryan
4063,187,Tarigam
4064,189,Tral
4065,187,Verinaag
4066,185,Wangat
4067,187,Wangund
4068,186,Wanpora
4069,186,Watakala
4070,186,Watrihaal
4071,185,Wuyan
4072,187,Yaripora
4073,187,Y.k Pora
4074,185,Zainakote
4075,179,Reasi
4076,191,Kishtwar
4077,191,Ramban
4078,179,Ramnagar
4079,179,Mahore
4080,191,Doda
4081,179,Chenani
4082,179,Udhampur
4083,191,Thathri
4084,183,Reasi
4085,179,Gool Gulab Garh
4086,191,Banihal
4087,191,Bhaderwah
4088,191,Bhalessa (gandoh)
4089,183,Sunderbani
4090,184,Reasi
4091,192,Dhanbad
4092,193,Bokaro
4093,193,Chas
4094,192,Bokaro
4095,192,Chas
4096,193,Kasmar
4097,193,Bermo
4098,193,Na
4099,194,Bengabad
4100,194,Na
4101,194,Dhanwar
4102,194,Djanwar
4103,193,Peterbar
4104,194,Bagodar
4105,194,Giridih
4106,194,Deori
4107,194,Jamua
4108,194,Birni
4109,193,Gomia
4110,194,Dumri
4111,194,Ddhanwan
4112,194,Ganwan
4113,194,Tisri
4114,193,Nawadih
4115,194,Pirtand
4116,193,Tenughat
4117,194,Jamuagiridih
4118,194,Jmua
4119,194,Dhanwatr
4120,194,Beniadih
4121,194,Bengabd
4122,195,Barkagaon
4123,196,Itkhori
4124,197,Ramgarh
4125,198,Kodarma
4126,196,Chatra
4127,195,Sadar
4128,196,Simaria
4129,196,Tandwa
4130,195,Katakamsandi
4131,197,Patratu
4132,195,Bishungarh
4133,197,Gola
4134,197,Mandu
4135,198,Na
4136,195,Hazaribagh
4137,195,Barhi
4138,195,Ichak
4139,198,Barkatha
4140,195,Barkatha
4141,195,Chauparan
4142,196,Pratappur
4143,196,Hunterganj
4144,198,Jainagar
4145,196,Patratu
4146,195,Churchu
4147,198,Chandwara
4148,193,Konardam
4149,197,Chitarpur
4150,198,Markacho
4151,195,Chouparan
4152,195,Padma
4153,195,Katkamsandi
4154,197,Na
4155,196,Gidhaur
4156,195,Ramgarh
4157,195,Sdar
4158,198,Markach
4159,196,Na
4160,196,Jori
4161,198,Barkhatha
4162,198,Karma
4163,196,Karma
4164,197,Churchu
4165,198,Koderma
4166,195,Bishnugarh
4167,195,Hazaribag
4168,195,Na
4169,195,Patratu
4170,197,Ramgarh Cantt
4171,199,Chandwa
4172,200,Garhwa
4173,201,Nagar Utari
4174,201,Japla
4175,201,Panki
4176,199,Mahuwadand
4177,201,Lesliganj
4178,201,Chhatarpur
4179,196,Bachra
4180,201,Patan
4181,200,Ranka Raj
4182,201,Satbarwa
4183,199,Latehar
4184,199,Balumath
4185,200,Meral
4186,200,Bachra
4187,200,Bisrampur
4188,201,Leshliganj
4189,199,Barwadih
4190,201,Daltonganj
4191,200,Bishrampur
4192,200,Bhawanathpur
4193,201,Daltoganj
4194,202,Bundu
4195,201,Chainpur
4196,199,Mahuwdand
4197,199,Malumath
4198,202,Dakra
4199,201,Na
4200,202,Mander
4201,201,Harihar Ganj
4202,201,Chinpur
4203,200,Lesliganj
4204,201,Chhatapru
4205,201,Chhatarpru
4206,202,Burmu
4207,201,Rehala
4208,201,Chhtarpur
4209,201,Hariharganj
4210,201,Lapla
4211,201,Balumath
4212,201,Meral
4213,202,Ranchi
4214,203,Gumla
4215,204,Kolibira
4216,202,Silli
4217,202,Bhandra
4218,202,Torpa
4219,203,Nwagarh
4220,202,Tamar
4221,202,Angara
4222,202,Khunti
4223,203,Toto
4224,203,Sisai
4225,205,Lohardaga
4226,204,Simdega
4227,204,Thethaitangar
4228,202,Itki
4229,202,Murhu
4230,203,Basia
4231,202,Mandar
4232,206,Bandgaon
4233,204,Bano
4234,202,Namkum
4235,202,Ormanjhi
4236,203,Kolibira
4237,204,Kolibera
4238,202,Ratu
4239,204,Kolebira
4240,203,Chainpur
4241,202,Na
4242,203,Noadih
4243,203,Bhandra
4244,203,Bharno
4245,202,Karra
4246,203,Palkot
4247,203,Nawagarh
4248,203,Bishunpur
4249,204,Bolba
4250,202,Kanke
4251,204,Kurdeg
4252,205,Kuru
4253,202,Chanho
4254,202,Bero
4255,203,Nodih
4256,203,Kurdeg
4257,202,Ormanhji
4258,205,Lohardags
4259,205,Na
4260,203,Kamdara
4261,203,Gomla
4262,205,Bhandra
4263,207,Simdega
4264,205,Ranchi
4265,202,Lapung
4266,203,Na
4267,202,Rania
4268,203,Ohardaga
4269,202,Ormanchi
4270,207,Lohardaga
4271,203,Mandar
4272,202,Bhandara
4273,208,Deoghar
4274,209,Meharma
4275,210,Nala
4276,209,Poraiyahat
4277,211,Borio
4278,212,Jama
4279,212,Na
4280,212,Ramgarh
4281,210,Na
4282,212,Jarmundi
4283,210,Narayanpur
4284,212,Kathikund
4285,212,Raniswar
4286,209,Godda
4287,213,Amrapara
4288,209,Mahagama
4289,213,Hiranpur
4290,212,Raneswar
4291,210,Jamtara
4292,212,Dumka
4293,213,Maheshpur
4294,208,Palojori
4295,211,Rajmahal
4296,209,Pathargama
4297,212,Sariyahat
4298,211,Pathna
4299,211,Barhait
4300,212,Kundahit
4301,210,Kundahit
4302,210,Palojori
4303,208,Debipur
4304,208,Madhupur
4305,212,Palojori
4306,208,Sarwan
4307,209,Poriyahat
4308,211,Taljhari
4309,211,Sahibganj
4310,213,Mahesapur
4311,213,Pakuria
4312,208,Sarath
4313,209,Pathergama
4314,212,Ramgarah
4315,209,Mahgama
4316,208,Na
4317,212,Shikaripara
4318,209,Sunder Pahari
4319,212,Raneshwar
4320,212,Masalia
4321,213,Littipara
4322,209,Boarijore
4323,208,Karon
4324,208,Jarmundi
4325,211,Barharwa
4326,211,Na
4327,209,Gouraijore
4328,213,Pakaur
4329,208,Devipur
4330,208,Mohanpur
4331,213,Litipara
4332,209,Boarijor
4333,209,Sunadar Pahari
4334,211,Udhua
4335,212,Saraiyahat
4336,213,Pakur
4337,212,Sarayahat
4338,210,Sarath
4339,208,Rohni
4340,209,Sunderpahari
4341,213,Maheshpru
4342,210,Bnarayanpur
4343,212,Sikaripara
4344,212,Gopikandar
4345,212,Sarayaha
4346,209,Sundar Pahari
4347,208,Dibipur
4348,210,Kundahir
4349,211,Udhwa
4350,212,Kathikiund
4351,212,Saraiyhat
4352,211,Rahmahal
4353,212,Rmagarh
4354,212,Gopikander
4355,209,Mahagama.
4356,212,Masaliya
4357,208,Doghar
4358,209,Pahargama
4359,209,Mahagam
4360,213,Na
4361,211,Mandro
4362,208,Koron
4363,211,Uedhwa
4364,210,Narayapur
4365,209,Na
4366,212,Sarwan
4367,210,Sarth
4368,209,Sundarpahari
4369,212,Shikripara
4370,208,Satath
4371,208,Poraiyahat
4372,208,Debuipur
4373,212,Jarmudi
4374,211,Uedhua
4375,211,Boarijore
4376,212,Poraiyahat
4377,210,Kundhahit
4378,211,Barhit
4379,212,Poriyahat
4380,214,Na
4381,214,A.i .area
4382,206,Na
4383,215,Agrico
4384,214,Amda
4385,215,East Singhbhum
4386,215,Ghatshila
4387,206,Chaibasa
4388,215,"Dhalbhum, Jamshedpur"
4389,214,Seraikella
4390,215,Ghatsila
4391,206,Chakradharpur
4392,215,Chaibasa
4393,215,Azadnagar
4394,214,Dhalbhum
4395,215,Dumaria
4396,215,Dhalbhum
4397,215,Baharagora
4398,215,"Dhalbhum,  Jamshedpur"
4399,214,East Singhbhum
4400,214,Seraikella Kharsawan
4401,215,Jamshedpur
4402,214,Chaibasa
4403,206,Barajamda
4404,206,Goilkera
4405,215,Baridih Colony
4406,215,Mango
4407,206,Seraikela
4408,215,Na
4409,215,Bistupur Bazar
4410,215,Bistupur Gate
4411,215,Burma Mines
4412,214,Seraikera
4413,206,Chakdradharpur
4414,214,Chakradharpur
4415,215,Chakulia
4416,214,Chandil
4417,215,Dhalbhum Jamshedpur
4418,206,Chiria
4419,206,Manoharpur
4420,214,Chowka
4421,206,Danguaposi
4422,215,Dhalbhumgarh
4423,214,Seraikela
4424,206,West Singhbhum
4425,214,Gamharia
4426,215,Tatanagar
4427,215,Gobindpur
4428,215,Golmuri
4429,214,West Singhbhum
4430,206,Gua
4431,206,Hatgamaria
4432,215,Indranagar
4433,215,Jadugoda
4434,206,Jagannathpur
4435,206,Jhinkpani
4436,206,Noamundi
4437,215,Jugsalai
4438,215,Kadma
4439,215,Sakchi
4440,214,Kandra
4441,214,"Dhalbhum, Jamshedpur"
4442,214,Kharsawangarh
4443,206,Kiriburu
4444,206,Jagganathpur
4445,206,Chakrdharpur
4446,215,Mahulia
4447,206,Megahatuburu
4448,215,Mosabani
4449,215,Moubhandar
4450,215,Mango Notified Area
4451,215,Patamda
4452,214,Jamshedpur
4453,215,Rahargora
4454,214,Rajnagar
4455,215,R.c.project
4456,214,Sini
4457,206,Sonua
4458,215,Sundarnagar
4459,214,Seraikella Kharsawanq
4460,214,Tiruldih
4461,214,Seraikalla Kharsawan
4462,216,Bangalore North
4463,216,Bangalore South
4464,216,Na
4465,216,Bangalore
4466,216,Banglore
4467,217,Hosakote
4468,216,Anekal
4469,217,Bangalore South
4470,217,Bangalore North
4471,218,Channapatna
4472,218,Kanakapura
4473,217,Magadi
4474,218,Magadi
4475,218,Ramanagara
4476,217,Devanahalli
4477,217,Nelamangala
4478,218,Ramanagaram
4479,217,Doddaballapura
4480,217,Dodballapura
4481,216,Devanahalli
4482,216,Banglorenorth
4483,216,Bgnorth
4484,218,Ramangara
4485,217,Hoskote
4486,216,Magadi
4487,216,Bg North
4488,216,Bgsouth
4489,216,Bg South
4490,217,Dod Ballapur
4491,218,Ramangaram
4492,217,Dodbalapura
4493,217,Devanhalli
4494,216,Nla & Bgsouth
4495,218,Ramanagar
4496,217,Bg South
4497,218,Na
4498,217,Nelamagala
4499,217,Kanakapura
4500,217,Doddabllapur
4501,218,Kanakapaura
4502,216,Bangaloresouth
4503,217,Doddaballpura
4504,219,Bagalkot
4505,219,Badami
4506,219,Jamkhandi
4507,219,Hungund
4508,219,Bilgi
4509,219,Na
4510,219,Mudhol
4511,219,Hungund Taluk
4512,219,Jqamkhandi
4513,219,Jamkandi
4514,220,Bijapur
4515,221,Saundatti
4516,221,Belgaum
4517,221,Bailhongal
4518,221,Khanapur
4519,221,Parasgad
4520,221,Ramdurg
4521,221,Sampgaon
4522,221,Na
4523,221,Londa
4524,221,Bailhogal
4525,222,Na
4526,223,Siruguppa
4527,223,Sandur
4528,223,Huvinahadagali
4529,222,Harapanahalli
4530,223,Bellary
4531,223,Kudligi
4532,223,Hospet
4533,223,Hb Halli
4534,223,Na
4535,223,Hagaribommanahalli
4536,223,Hospet Ho
4537,223,H B Halli
4538,223,Hadagalli
4539,223,Huvinagadagali
4540,223,Kudlgi
4541,223,Huvinhadagali
4542,222,Haralpanahalli
4543,222,Harapanahallli
4544,224,Bhalki
4545,224,Basavakalyan
4546,224,Bidar
4547,224,Humnabad
4548,224,Aurad (b)
4549,224,Aurad
4550,224,Homnabad
4551,224,Aurad(b)
4552,224,Auarad (b)
4553,224,Auad (b)
4554,220,B.bagewadi
4555,220,Indi
4556,220,Sindgi
4557,220,Basavana Bagevadi
4558,220,Muddebihal
4559,219,Jamakhandi
4560,220,B Bagewadi
4561,220,b..bagewadi
4562,220,Singi
4563,221,Athani
4564,221,Athni
4565,221,Chikodi
4566,221,Raibag
4567,221,Raybag
4568,225,Hubli
4569,225,Navalgund
4570,225,Na
4571,225,Dharwad
4572,225,Kundgol
4573,225,Kalghatgi
4574,225,Navalagund
4575,225,Kalghatagi
4576,225,Kalgahtagi
4577,225,Kalgahtgi
4578,225,Kalaghatgi
4579,225,Kungol
4580,226,Na
4581,226,Shirahatti
4582,227,Kushtagi
4583,226,Gadag
4584,227,Koppal
4585,227,Gangavati
4586,227,Gangavathi
4587,226,Ron
4588,226,Mudargi
4589,226,Mundargi
4590,226,Shirhatti
4591,227,Yelburga
4592,226,Nargund
4593,227,Ganagavati
4594,226,Shiratti
4595,227,Gamgavatjhi
4596,227,Gamgavati
4597,227,Gamgavathi
4598,227,Gangavahi
4599,227,Gangawati
4600,227,Kushtagui
4601,226,Gangavathi
4602,227,Kioppal
4603,226,Koppal
4604,227,Kustagi
4605,227,Yelbulrga
4606,227,Kukshtagi
4607,227,Gangavthi
4608,227,Kusthgati
4609,227,Yelbura
4610,227,Na
4611,226,Yelburga
4612,227,Gangvathi
4613,227,Yelbuarga
4614,221,Gokak
4615,221,Hukeri
4616,228,Shahpur
4617,229,Sedam
4618,229,Afjalpur
4619,228,Shorapur
4620,228,Shahapur
4621,228,Yadgiri
4622,229,Aland
4623,228,Yadgir
4624,229,Chittapur
4625,229,Jewargi
4626,229,Chincholi
4627,229,Gulbarga
4628,228,Yadgri
4629,229,Afzalpur
4630,229,Chitapur
4631,229,Alund
4632,229,Asfjalpur
4633,229,Afjlpur
4634,229,Jewargio
4635,229,Na
4636,228,Shorpaur
4637,230,Hangal
4638,230,Haveri
4639,230,Ranebennur
4640,230,Hirekerur
4641,230,Byadgi
4642,230,Savanur
4643,230,Shiggaon
4644,230,Na
4645,230,Gadag
4646,230,Ranebennur`
4647,230,Hirekeruru
4648,230,Ranibennur
4649,230,Shiggoan
4650,230,Hirekrur
4651,222,Harihar
4652,231,Kumta
4653,231,Ankola
4654,231,Honavar
4655,231,Na
4656,231,Bhatkal
4657,231,Karwar
4658,232,Sindhanur
4659,232,Manvi
4660,232,Deodurga
4661,232,Raichur
4662,232,Lingasugur
4663,232,Sindhnur
4664,232,Lingsugur
4665,232,Devadurga
4666,231,Siddapur
4667,231,Sirsi
4668,231,Haliyal
4669,231,Mundgod
4670,231,Yellapur
4671,231,Joida
4672,231,Yellpaur
4673,231,Supa
4674,231,Yellpur
4675,231,Sidddapur
4676,233,Koppa
4677,233,Sringeri
4678,233,Tarikere
4679,233,Kadur
4680,233,Chikmagalur
4681,233,Narasimharajapura
4682,233,Mudigere
4683,233,Srineri
4684,233,Mudigee
4685,233,Tarikee
4686,234,Challakere
4687,234,Hiriyur
4688,234,Na
4689,234,Holalkere
4690,234,Chitradurga
4691,234,Hosadurga
4692,222,Davanangere
4693,222,Davanagere
4694,234,Hoadurga
4695,222,Jagalur
4696,234,Molakalmuru
4697,222,Davangere
4698,222,Harihara
4699,234,Hasadurga
4700,222,Harihra
4701,234,Hodadurga
4702,222,Hariahra
4703,235,Alur
4704,235,Arkalgud
4705,235,Channarayapatna
4706,235,Belur
4707,235,Arsikere
4708,235,Hassan
4709,235,Arskiere
4710,235,Arkalud
4711,235,Holenarasipura
4712,235,Sakleshpur
4713,235,Holenarasipur
4714,235,Channarayaptna
4715,235,Na
4716,235,Channaryapatna
4717,235,Saklehspur
4718,235,Sakleshpura
4719,235,Channrayapatna
4720,235,Skaleshpur
4721,235,Holeanarasipur
4722,235,Holenarsipur
4723,235,Holeanrasipur
4724,235,Arsiekre
4725,235,Channarayapatana
4726,235,Arakalagud
4727,235,Arsikre
4728,235,Arkalagud
4729,236,Somvarpet
4730,236,Virajpet
4731,236,Somwarpet
4732,236,Madikeri
4733,236,Na
4734,236,Somarpet
4735,237,Sidlghatta
4736,238,Srinivaspur
4737,237,Chik Ballapur
4738,237,Chickballapur
4739,237,Gauribidanure
4740,238,Malur
4741,238,Gauribidanur
4742,238,Mulbagal
4743,238,Chintamani
4744,238,Bangarpet
4745,238,Sidlaghatta
4746,238,Bangarapet
4747,238,Kolar
4748,238,Chickballapur
4749,238,Bagepalli
4750,237,Sidlaghatta
4751,237,Gudibanda
4752,237,Gauribidanur
4753,238,Srinivasapura
4754,237,Bagepalli
4755,237,Chintamani
4756,238,Bngarpet
4757,238,Gaurobidanur
4758,238,Gudibanda
4759,238,Srinivsapur
4760,238,Na
4761,238,Bangarpet Tq
4762,238,Chintamanij
4763,238,Guribidanur
4764,238,Gauribidnur
4765,239,Maddur
4766,239,Mandya
4767,239,Malavalli
4768,239,K.r.pete
4769,239,Srirangapatna
4770,239,Nagamangala
4771,239,Pandavapura
4772,239,Krishnarajpet
4773,239,Shrirangapattana
4774,239,K.e.pete
4775,239,Sriranagapatna
4776,240,Mangalore
4777,240,Bantwal
4778,241,Karkala
4779,240,Bantval
4780,240,Na
4781,242,H D Kote
4782,242,Mysore
4783,242,Periyapatna
4784,242,K R Nagar
4785,242,Hunsur
4786,242,Piriyapatna
4787,242,Na
4788,242,Heggadadevankote
4789,243,Yelandur
4790,243,Kollegal
4791,242,Nanjangud
4792,243,Gundlupet
4793,243,Chamarajanagara
4794,243,Gundluper
4795,242,T Narasipura
4796,242,Kollegal
4797,243,Chamarajanagar
4798,242,T Naraipura
4799,240,Sullia
4800,240,Puttur
4801,240,Belthangady
4802,240,Sulya
4803,241,Karkal
4804,240,Beltangadi
4805,240,Puttur(dk)
4806,240,Belthagady
4807,244,Shimoga
4808,244,Sagar
4809,222,Channagiri
4810,244,Bhadravathi
4811,244,Sorab
4812,244,Shikarpur
4813,244,Tirthahalli
4814,244,Bhadravati
4815,244,Shikaripura
4816,222,Honnali
4817,244,Hosanagara
4818,244,Bhadravathii
4819,244,Thirthahalli
4820,244,Hosanagar
4821,244,Na
4822,244,Shimogai
4823,244,Soraba
4824,244,Thrithahalli
4825,244,Bhadravaathi
4826,245,Koratagere
4827,245,Gubbi
4828,245,Tiptur
4829,245,Kunigal
4830,245,Turuvekere
4831,245,Tumkur
4832,245,Pavagada
4833,245,Madhugiri
4834,245,Sira
4835,245,C.n.hally
4836,245,C.n.halli
4837,245,Chikkanayakanahlli
4838,245,Korategere
4839,245,Chiknayakanhalli
4840,245,C.n. Halli
4841,245,C N Halli
4842,245,Tiptir
4843,241,Udupi
4844,241,Kundapura
4845,241,Kundpaura
4846,241,Navunda
4847,246,Vythiri
4848,247,Kozhikode
4849,246,Sulthanbathery
4850,248,Ernad
4851,247,Na
4852,246,Sulthan Batheri
4853,246,Vythiti
4854,246,Sulthan Bathery
4855,248,Eranad
4856,247,Quilandy
4857,249,Taliparamba
4858,249,Kannur
4859,249,Thalassery
4860,249,Na
4861,250,Hosdurg
4862,249,Taliaparamba
4863,250,Kasaragod
4864,250,Na
4865,248,Nilambur
4866,248,Perintalmanna
4867,248,Perinthalmanna
4868,248,Tirurangadi
4869,248,Manjeri
4870,251,Ottappalam
4871,251,Mannarkad
4872,251,Ottapalam
4873,251,Na
4874,251,Mannarkkad
4875,251,Palakkad
4876,251,Ottapalam.
4877,251,Ottpalam
4878,251,Mannarkad Q
4879,251,Chittur
4880,251,Alathur
4881,251,Alatur
4882,246,Mananthavady
4883,249,Thalasseery
4884,249,Thalasery
4885,246,Manantahvady
4886,248,Ponani
4887,248,Tirur
4888,248,Ponnani
4889,248,Na
4890,247,Vadakara
4891,247,Koyilandi
4892,247,Koyilani
4893,252,Mahe Ut
4894,22,Ut of Pondichery
4895,253,Ambalapuzha
4896,253,Ambalappuzha
4897,253,Ambalapuzh A
4898,253,Cherthala
4899,253,Cherthla
4900,253,Mararikulam
4901,253,Kuttanad
4902,253,Ambalapuha
4903,254,Kunnathunad
4904,254,Kothamangalam
4905,254,Paravur
4906,254,Aluva
4907,254,Muvattupuzha
4908,254,Kochi
4909,255,Kanjirappally
4910,255,Changanassery
4911,255,Kanjirapally
4912,255,Kottayam
4913,255,Changanacherry
4914,256,Ranni
4915,255,Meenachil
4916,253,Kuttanadu
4917,257,Peerumade
4918,254,Kanayannur
4919,254,Ernakulam
4920,254,Parur
4921,254,Kunnathunadu
4922,257,Devikulam
4923,257,Thodupuzha
4924,257,Udumbanchola
4925,257,Peermade
4926,257,Na
4927,258,Mukundapuram
4928,258,Kodungallur
4929,258,Thrissur
4930,258,Mukundapuram Taluk
4931,258,Na
4932,258,Chavakkad
4933,258,Mi\ukundapuram
4934,255,Vaikom
4935,255,Voikom
4936,259,Lakshadweep
4937,259,Amini
4938,253,Karthikappally
4939,253,Chengannur
4940,253,Mavelikkara
4941,253,Mavelikara
4942,256,Adoor
4943,258,Thalapilly
4944,258,Talappilly
4945,260,Pathanapuram
4946,256,Kozhencherry
4947,256,Adur
4948,260,Kunnathur
4949,256,Ranny
4950,256,Kozhenchery
4951,260,Kottarakkara
4952,256,Pathanapuram
4953,256,Kozhencherri
4954,256,Kunnathur
4955,260,Adichanallur
4956,260,Kollam
4957,260,Karunagappally
4958,260,Kolllam
4959,260,Karunagapally
4960,260,Kottarakara
4961,260,Karunagappaly
4962,256,Thiruvalla
4963,256,Mallappally
4964,256,Tiruvalla
4965,261,Chirayinkeezhu
4966,261,Nedumangad
4967,261,Thiruvananthapuram
4968,261,Chirayinkil
4969,261,Trivandrum
4970,261,Chirayinkeezh
4971,261,Trivendrum
4972,261,Tiruvanathapuram
4973,261,Neyyattinkara
4974,262,Lakhnadon
4975,263,Katangi
4976,264,Bhua Bichhiya
4977,265,Dindori
4978,263,Baihar
4979,262,Seoni
4980,262,Barghat
4981,263,Waraseoni
4982,263,Lanji
4983,263,Balaghat
4984,264,Niwas
4985,264,Bhuabichhiya
4986,262,Lakhanadon
4987,264,Bhua Bichhia
4988,262,Ghansore
4989,263,Khairlanji
4990,265,Shahpura
4991,263,Lalburra
4992,262,Keolari
4993,263,Lalbarra
4994,264,Mandla
4995,263,Tirodi
4996,263,Kirnapur
4997,264,Nainpur
4998,264,Bhuabichhia
4999,264,Sahpura Niwas
5000,262,Korai
5001,265,Niwas
5002,265,Sahpura Niwas
5003,262,Bharghat
5004,263,Laburra
5005,264,Bhubichhiya
5006,262,Ghansire
5007,265,Sahpuraniwas
5008,265,Shahpura Niwas
5009,263,Kiranpur
5010,266,Huzur
5011,266,Bhopal
5012,267,Na
5013,266,Goharganj
5014,266,Na
5015,268,Laundi
5016,269,Tikamgarh
5017,270,Baldeogarh
5018,268,Baldeogarh
5019,270,Panna
5020,269,Baldeogarh
5021,270,Ajaigarh
5022,268,Tikamgarh
5023,269,Palera
5024,268,Nowgong
5025,270,Pawai
5026,268,Bijawar
5027,268,Malehara
5028,270,Ajaygarh
5029,269,Niwari
5030,270,Devendra Nagar
5031,268,Chhatarpur
5032,270,Laundi
5033,268,Gaurihar
5034,269,Pawai
5035,268,Malahara
5036,269,Jatara
5037,269,Orchha
5038,269,Khargapur
5039,269,Prithvipur
5040,268,Rajnagar
5041,270,Prithvipur
5042,268,Badamalahra
5043,268,Badamalahara
5044,269,Rajnagar
5045,269,Laundi
5046,268,Malehra
5047,270,Devendra
5048,270,Gunnor
5049,268,Bad Malahara
5050,269,Tikamgar
5051,268,Rajanagar
5052,269,Pelara
5053,270,Raipura
5054,269,Na
5055,268,Laund
5056,271,Betul
5057,272,Amarwara
5058,271,Amla
5059,272,Junnardeo
5060,272,Na
5061,272,Chhindwara
5062,271,Bhainsdehi
5063,271,Multai
5064,271,Shahpur
5065,272,Pandhurna
5066,272,Chourak
5067,272,Chaurai
5068,272,Parasia
5069,271,Bahinsdehi
5070,272,Chourai
5071,272,Tamia
5072,272,Sausar
5073,272,Harrai
5074,272,Amarawara
5075,272,Junnareo
5076,272,Chandametta
5077,272,Bichhua
5078,272,Jamai
5079,271,Amal
5080,271,Mulati
5081,271,Shahpura
5082,272,Paraisa
5083,272,Chhindwra
5084,272,Chhindwar
5085,272,Chouai
5086,273,Na
5087,274,Na
5088,274,Gadarwara
5089,273,Babai
5090,274,Kareli
5091,273,Itarsi
5092,274,Narsimhapur
5093,273,Hoshangabad
5094,273,Seoni Malwa
5095,273,Bankhedi
5096,274,Tendukheda
5097,275,Timarni
5098,274,Gotegaon
5099,275,Khirkiyan
5100,275,Harda
5101,275,Khirkiya
5102,273,Sohagpur
5103,274,Narsinghpur
5104,273,Pipariya
5105,274,Narsinghpur Ho
5106,274,Sohagpur
5107,273,Piparia
5108,274,Saikheda
5109,276,Nagod
5110,276,Amarpatan
5111,276,Rampur-baghelan
5112,277,Huzur
5113,276,Maihar
5114,277,Na
5115,277,Teonthar
5116,277,Sirmour
5117,276,Na
5118,276,Ramnagar
5119,276,Raghurajnagar
5120,277,Gurh
5121,277,Mauganj
5122,277,Raipur - Karchuliyan
5123,276,Rampur Baghelan
5124,276,Unchehara
5125,277,Hanumana
5126,276,Raghuraj Nagar
5127,278,Damoh
5128,279,Sagar
5129,279,Banda
5130,279,Khurai
5131,278,Patharia
5132,279,Garhakota
5133,278,Patera
5134,278,Batiyagarh
5135,278,Hatta
5136,278,Jabera
5137,279,Bina
5138,279,Deori
5139,279,Rehli
5140,278,Pathariya
5141,279,Kesli
5142,279,Rahatgarh
5143,280,Pushparajgarh
5144,281,Umaria
5145,282,Beohari
5146,280,Anuppur
5147,283,Gopad Vanas
5148,282,Jaisinghnagar
5149,280,Jaithari
5150,283,Sihawal
5151,281,B. Pali
5152,283,Rampur Naikin
5153,282,Sohagpur
5154,284,Singrauli
5155,281,Bandhogarh
5156,283,Churhat
5157,283,Chitrangi
5158,280,Kotma
5159,283,Sidhi
5160,283,Singrauli Colliery
5161,283,Majauli
5162,282,Jaitpur
5163,281,Birsinghpur Pali
5164,283,Devsar
5165,281,B.pali
5166,282,Burhar
5167,282,Jaithari
5168,280,Pushprajgarh
5169,283,Gopadbanas
5170,283,Deosar
5171,281,Gopad Vanas
5172,282,Shagpur
5173,282,V
5174,282,Shahdol
5175,283,Gopadvanas
5176,267,Gairatganj
5177,285,Nateran
5178,285,Na
5179,267,Baraily
5180,267,Udaipura
5181,267,Silwani
5182,285,Lateri
5183,267,Raisen
5184,267,Begamganj
5185,267,Goharganj
5186,285,Sironj
5187,285,Kurwai
5188,285,Basoda
5189,285,Gyaraspur
5190,285,Vidisha
5191,286,Mungaoli
5192,287,Khaniadhana
5193,287,Kolaras
5194,287,Pohri
5195,287,Karera
5196,287,Narwar
5197,286,Ashoknagar
5198,288,Guna
5199,286,Ashok Nagar
5200,288,Ashoknagar
5201,288,Raghogarh
5202,288,Bamori
5203,287,Pichhore
5204,286,Chanderi
5205,288,Maksudangarh
5206,287,Shivpuri
5207,286,Esagarh
5208,288,Chacauda
5209,288,Aroun
5210,288,Kumbhraj
5211,288,Chachoda
5212,288,Chachauda
5213,288,Mungaoli
5214,289,Gird
5215,289,Gwalior
5216,289,Dabra
5217,290,Datia
5218,290,Seondha
5219,290,Bhandair
5220,289,Bhitarwar
5221,289,Morar
5222,289,Na
5223,290,Indergarh
5224,290,Bhander
5225,289,Gwalor
5226,289,Pichhore
5227,291,Dabra
5228,290,Indergah
5229,291,Mihona
5230,292,Ambah
5231,291,Mehgoun
5232,293,Bijaypur
5233,291,Ater
5234,291,Attair
5235,292,Kailaras
5236,291,Gohad
5237,291,Lahar
5238,291,Bhind
5239,292,Joura
5240,291,Mehgaon
5241,292,Morena
5242,293,Sheopur
5243,292,Sabalgarh
5244,292,Porsa
5245,291,Na
5246,291,Ron
5247,293,Karahal
5248,292,Kealras
5249,293,Bijaipur
5250,291,Raun
5251,293,Vijaypur
5252,292,Kelaras
5253,292,Dimni
5254,292,Na
5255,294,Indore
5256,294,Depalpur
5257,295,Dewas
5258,295,Sonkutch
5259,295,Bagli
5260,296,Dhar
5261,296,Manawar
5262,295,Khategaon
5263,294,Sanwer
5264,296,Kukshai
5265,296,Kukshi
5266,294,Mhow
5267,296,Sardarpur
5268,295,Kannod
5269,296,Badnawar
5270,296,Dharampuri
5271,296,Dhjar
5272,297,Vijayaraghavgarh
5273,298,Jabalpur
5274,297,Sihora
5275,297,Rithi
5276,298,Na
5277,297,Katni
5278,298,Patan
5279,298,Kundam
5280,297,Vijayaragahvgarh
5281,298,Sihora
5282,297,Kanti
5283,297,Vijayarghavgarh
5284,297,Bahoriband
5285,297,Murwara
5286,297,Ijayaraghavgarh.
5287,297,Vijaragahvgarh
5288,297,Sihira
5289,297,Vijayragahvgarh
5290,298,Vijayraghavgarh
5291,297,Jabalpur
5292,297,Vijayraghavgarh
5293,297,Bahoriaband
5294,297,Vijayaraghvgarh
5295,297,Sihora.
5296,298,Jsbslpur
5297,299,Pandhana
5298,300,Jhiranya
5299,301,Sendhwa
5300,302,Harsud
5301,300,Khargone
5302,300,Bhikangaon
5303,299,Khandwa
5304,300,Barwaha
5305,299,Nepanagar
5306,300,Kasrawad
5307,303,Nepanagar
5308,301,Anjad
5309,301,Barwani
5310,300,Maheshwar
5311,299,Na
5312,299,Harsud
5313,301,Thikari
5314,299,Bhagwanpura
5315,301,Rajpur
5316,300,Kasarawad
5317,303,Burhanpur
5318,301,Pansemal
5319,300,Bhagwanpura
5320,300,Khandwa
5321,300,Bhagawanpura
5322,299,Burhanpur
5323,300,Jhirniya
5324,301,Niwali
5325,300,Segaon
5326,299,Khaknar
5327,302,Pandhana
5328,302,Khandwa
5329,304,Jhirniya
5330,300,Jhirnia
5331,303,Khaknar
5332,301,Sendhawa
5333,300,Maheashwar
5334,302,Na
5335,299,Naya Harsud
5336,304,Kasrawad
5337,304,Bhagawanpura
5338,303,Na
5339,305,Manasa
5340,306,Garoth
5341,306,Malhargarh
5342,306,Mandsaur
5343,306,Suwasara Mandi
5344,305,Neemuch
5345,306,Bhanpura
5346,305,Jawad
5347,306,Sitamau
5348,305,Malhargarh
5349,306,Malahargarh
5350,307,Jhabua
5351,308,Sailana
5352,307,Meghnagar
5353,309,Alirajpur
5354,308,Alot
5355,308,Ratlam
5356,307,Ranapur
5357,307,Alirajpur
5358,308,Bajna
5359,307,Thandla
5360,308,Jaora
5361,308,Piploda
5362,307,Bhavra
5363,307,Petlawad
5364,308,Alote
5365,307,Na
5366,309,Jhabua
5367,307,Petlawada
5368,310,Bilkisganj
5369,311,Narsinghgarh
5370,311,Biaora
5371,310,Baktara
5372,310,Ichawar
5373,310,Sehore
5374,310,Shahganj
5375,310,Rehti
5376,311,Talen
5377,310,Ashta
5378,311,Sarangpur
5379,311,Jirapur
5380,310,Nasrullaganj
5381,311,Suthalia
5382,311,Khujner
5383,310,Budni
5384,311,Pachore
5385,310,Ahmedpur
5386,311,Khilchipur
5387,310,Budhni
5388,311,Machalpur
5389,311,Chhapiheda
5390,311,Rajgarh(bia)
5391,311,Zeerapur
5392,310,Kotri
5393,310,Ichhawar
5394,310,Nasrullagaj
5395,310,Siddikganj
5396,310,Metwada
5397,311,Boda
5398,311,Kurawar
5399,310,Jawar
5400,310,Doraha
5401,310,Shyampur
5402,311,Rajgarh
5403,311,Na
5404,312,Badnagar
5405,312,Mehidpur
5406,313,Shajapur
5407,313,Agar Malwa
5408,312,Barnagar
5409,313,Moman Badodiya
5410,312,Khacharod
5411,313,Kalapipal
5412,312,Nagda
5413,313,Barode
5414,313,Susner
5415,313,Jamner
5416,312,Ghatiya
5417,313,Awantipur Barodiya
5418,312,Piploda Baghla
5419,313,Agar
5420,312,Ujjain
5421,312,Tarana
5422,312,Runija
5423,312,Khachraud
5424,312,Mahidpur
5425,313,Berchha
5426,313,Khokra Kalan
5427,313,Akodia
5428,313,Nalkheda
5429,312,Bhatpachlana
5430,313,Shujalpur
5431,313,Kalisindh
5432,313,Barodia Kumaria
5433,313,Soyat Kalan
5434,312,Ghattia
5435,313,Kanad
5436,312,Tajpur
5437,312,Polai Kalan
5438,312,Jharda
5439,313,Salsalai
5440,313,Sundersi
5441,314,Bhokardan
5442,315,Kannad
5443,315,Aurangabad
5444,315,Paithan
5445,315,Gangapur
5446,315,Sillod
5447,314,Badnapur
5448,314,Jaffrabad
5449,315,Vaijapur
5450,315,Phulumbri
5451,314,Ambad
5452,314,Jalna
5453,314,Ghansawangi
5454,315,Badnapur
5455,315,Valijapur
5456,315,Soegaon
5457,315,Bhokardan
5458,315,Khuldabad
5459,315,Phulambri
5460,314,Bholardan
5461,314,Ghanwangi
5462,314,Badnapura
5463,314,Bhorkardan
5464,316,Georai
5465,316,Beed
5466,316,Patoda
5467,316,Ambejogai
5468,316,K Dharur
5469,316,Ashti
5470,316,Majalgaon
5471,316,Dharur
5472,316,Shirur K
5473,316,Kille Dahrur
5474,316,Manjlegaon
5475,316,Ambajogai
5476,316,Parli Vaij.
5477,316,Bid
5478,316,Kaij
5479,316,Wadwani
5480,316,Parlivaij
5481,316,Shirur (kasar)
5482,316,Gevrai
5483,316,Parli
5484,316,Shirur K.
5485,316,Kille Dharur
5486,316,Majalgoan
5487,316,Parli Vaijinath
5488,316,Majalgaon S.o.
5489,316,Shirur
5490,316,Parli Vai.j
5491,316,Ambajgoai
5492,317,Raver
5493,317,Bhusawal
5494,317,Chopda
5495,317,Jalgaon
5496,317,Yawal
5497,317,Muktainagar
5498,317,Bodwad
5499,317,Muktai Nagar
5500,317,Jalgoan
5501,318,Dhule
5502,318,Shirpur
5503,318,Sindkheda
5504,318,Shinkheda
5505,318,Shindkheda
5506,318,Sakri
5507,319,Akkalkuwa
5508,319,Shahada
5509,319,Shahade
5510,319,Navapur
5511,319,Nandurbar
5512,319,Dhadgaon
5513,319,Taloda
5514,319,Shahad
5515,318,Shahada
5516,319,Nawapur
5517,318,Sindkhede
5518,319,Dhadaon
5519,318,Na
5520,319,Akkal Kuwa
5521,319,Talode
5522,317,Parola
5523,317,Erandol
5524,317,Pachora
5525,317,Bhadgaon
5526,317,Amalner
5527,317,Dharangaon
5528,317,Chalisgaon
5529,317,Dharagaon
5530,317,Chalisgoan
5531,320,Kalwan
5532,320,Chandwad
5533,320,Malegaon
5534,320,Niphad
5535,320,Satana
5536,320,Yeola
5537,320,Chandvad
5538,320,Nandgaon
5539,320,Devla
5540,320,Dindori
5541,320,Deola
5542,320,Yevla
5543,320,Chnadwad
5544,320,Yeola.
5545,320,Na
5546,320,Kalwn
5547,320,Chandwd
5548,321,Biloli
5549,321,Loha
5550,321,Dharmabad
5551,321,Degloor
5552,321,Kinwat
5553,321,Kandhar
5554,321,Mukhed
5555,321,Mahore
5556,321,Na
5557,321,Ardhapur
5558,321,Hadgaon
5559,321,Himayatnagar
5560,321,Umari
5561,321,Mudkhed
5562,321,Bhokar
5563,321,Naigaon
5564,321,Biloi
5565,321,Kiwat
5566,321,Kandhr
5567,321,Kandahr
5568,321,Nanded
5569,321,Bvhokar
5570,320,Nashik
5571,320,Sinnar
5572,320,Surgana
5573,320,Trimbakeshwar
5574,320,Peint
5575,320,Igatpuri
5576,320,Trimabakeshwar
5577,320,Trimbak
5578,320,Dindoir
5579,320,Peth
5580,320,Chanwad
5581,322,Nilanga
5582,323,Tuljapur
5583,322,Ahmedpur
5584,323,Na
5585,323,Osmanabad
5586,322,Ausa
5587,323,Omerga
5588,323,Paranda
5589,323,Kallam
5590,322,Chakur
5591,323,Bhoom
5592,322,Na
5593,323,Lohara
5594,322,Latur
5595,322,Deoni
5596,322,Osmanabad
5597,322,Shirur-anantpal
5598,323,Vashi
5599,322,Renapur
5600,322,Ahmedpuer
5601,322,Jalkot
5602,323,Washi
5603,323,Kalamb
5604,323,Umarga
5605,322,Shirur Anantpal
5606,323,Latur
5607,322,Ahmadpur
5608,322,Udgir
5609,322,Paranda
5610,324,Hingoli
5611,324,Basmath
5612,325,Sailu
5613,325,Purna
5614,324,Sengaon
5615,314,Mantha
5616,324,Kalamnuri
5617,314,Partur
5618,325,Jintur
5619,325,Parbhani
5620,314,Na
5621,324,Aundha Nagnath
5622,325,Gangakhed
5623,325,Palam
5624,324,Basmathnagar
5625,325,Pathri
5626,325,Manwath
5627,325,Sonpeth
5628,326,Na
5629,326,Mormugao
5630,327,Bicholim
5631,327,Sattari
5632,326,Ponda
5633,327,Pernem
5634,326,Canacona
5635,327,Bardez
5636,327,Tiswadi
5637,326,Quepem
5638,326,Salcate
5639,326,Sanquelim
5640,326,Salcete
5641,326,Sangaum
5642,327,Ponda
5643,326,Salsate
5644,326,Tiswadi
5645,326,Cancona
5646,326,Marmugao
5647,326,Salcette
5648,327,Tiswaddi
5649,326,Sanguem
5650,326,Curchorem
5651,328,Kagal
5652,328,Chandgad
5653,328,Bhudargad
5654,328,Gadhinglaj
5655,328,Ajara
5656,328,Radhanagari
5657,328,Shirol
5658,328,Shahuwadi
5659,328,Hatkanangle
5660,328,Hatkanangale
5661,328,Panhala
5662,328,Karveer
5663,328,Ajra
5664,328,Gaganbavada
5665,328,Karvir
5666,328,Na
5667,328,Hatkanagale
5668,328,Karveern
5669,329,Guhagar
5670,329,Lanja
5671,329,Dapoli
5672,329,Chiplun
5673,329,Ratnagiri
5674,329,Rajapur
5675,329,Khed (rtg)
5676,329,Sangmeshwar
5677,329,Khed
5678,329,Mandangad
5679,329,Snagmeshwar
5680,329,Sanmeshwar
5681,330,Vaibhavwadi
5682,331,Javali
5683,331,Jawali
5684,332,Kavathe Mahankal
5685,332,K Mahankal
5686,332,Khanapur
5687,332,Valva
5688,332,Walva
5689,332,Palus
5690,332,Kadegaon
5691,332,Tasgaon
5692,332,Jat
5693,332,Miraj
5694,332,Shirala
5695,332,Atpadi
5696,332,Jath
5697,332,Khnapur
5698,332,K. Mahankal
5699,332,Kavthe Mahankal
5700,332,Kahanapur
5701,332,Shiala
5702,332,Kahanpur
5703,332,K Mhankal
5704,330,Malvan
5705,330,Vengurla
5706,330,Sawantwadi
5707,330,Kudal
5708,330,Devgad
5709,330,Kankavli
5710,330,Dodamarg
5711,330,Na
5712,330,Kankal I
5713,330,Kankalvi
5714,330,Sindhudurgkudal
5715,330,Malwan
5716,330,Malvsn
5717,330,Kankavi
5718,330,Kanakvli
5719,330,Sawanwtadi
5720,333,Mumbai
5721,333,Na
5722,333,Bandra
5723,333,Goregaon East
5724,333,Goregaon West
5725,333,Borivlai East
5726,333,Borivali West
5727,333,Kandivlai West
5728,333,Dahisar West
5729,333,Dahisar East
5730,333,Borivali East
5731,333,Malad West
5732,333,Jogeshwari East
5733,333,Jogeshwari West
5734,333,Kandivali East
5735,333,Kandivali West
5736,333,Malad East
5737,334,Uran
5738,334,Panvel
5739,335,Thane
5740,335,Digha
5741,334,Karjat
5742,335,Na
5743,334,Khalapur
5744,335,Rabale
5745,334,Na
5746,334,Khopoli
5747,334,Akrjat
5748,334,Mahad
5749,334,Poladpur
5750,334,Shriwardhan
5751,334,Mangaon
5752,334,Murud
5753,334,Roha
5754,334,Alibag
5755,334,Pen
5756,334,Mhasla
5757,334,Shrivardhan
5758,334,Sudhagad
5759,334,Tala
5760,335,Ambarnath
5761,335,Kalyan
5762,335,Shahapur
5763,335,Bhiwandi
5764,335,Wada
5765,335,Murbad
5766,335,Wade
5767,335,Talasari
5768,335,Mokhada
5769,335,Vasai
5770,335,Dahanu
5771,335,Palghar
5772,335,Vada
5773,335,Bassein
5774,335,Vikramgad
5775,335,Jawhar
5776,336,Akot
5777,336,Na
5778,337,Washim
5779,336,Akola
5780,337,Na
5781,337,Mangrulpir
5782,336,Barshitakli
5783,336,Telhara
5784,337,Karanja
5785,336,Murtijapur
5786,336,Balapur
5787,338,Achalpur City
5788,338,Na
5789,338,Daryapur
5790,338,Chandur Raiway
5791,338,Amravati
5792,338,Anjangaon
5793,338,Chandur Bazar
5794,338,Amaravati
5795,338,Chandur Railway
5796,338,Warud
5797,338,Chandur Rly.
5798,338,Paratwada
5799,338,Chikhaldara
5800,338,Dhamangaon R.s.
5801,338,Dhamangaon
5802,338,Dharni
5803,338,Teosa
5804,338,Morshi
5805,338,Chandur Rly
5806,338,Dhamangaon Rly
5807,338,Nandgaon Khandeshwar
5808,338,Bhatkuli
5809,338,Daryapu
5810,338,Tiosa
5811,339,Sindkhed Raja
5812,339,Khamgaon
5813,339,Shegaon
5814,339,Motala
5815,339,Nandura
5816,339,Deulgaon Raja
5817,339,Chikhli
5818,339,Mehkar
5819,339,Lonar
5820,339,Jalgaon
5821,339,Sonala
5822,339,Malkapur
5823,339,Buldana
5824,339,Khamgoan
5825,339,Sangrampur
5826,339,Kahmgaon
5827,339,Budlana
5828,339,Deulgaon Mahi
5829,339,Sinkhed Raja
5830,339,Dulgaon Raja
5831,339,Na
5832,339,Chikhali
5833,339,Jalgaon (jamod)
5834,339,Shegan
5835,339,Loanr
5836,339,Nanadura
5837,340,Mulchera
5838,341,Chimur
5839,341,Bramhapuri
5840,341,Rajura
5841,340,Aheri
5842,341,Gondipipri
5843,341,Nagbhir
5844,340,Gadchiroli
5845,340,Chamorshi
5846,341,Desaiganj
5847,341,Warora
5848,340,Desaiganj
5849,340,Kurkheda
5850,340,Sironcha
5851,341,Sindewahi
5852,341,Saoli
5853,341,Korphana
5854,340,Armori
5855,340,Korchi
5856,341,Bhadrawati
5857,341,Korpana
5858,341,Chandrapur
5859,341,Ballarpur
5860,341,Mul
5861,340,Bhamragadh
5862,341,Nagbhri
5863,340,Etapalli
5864,341,Gondpipri
5865,341,Chandrapur Ho
5866,341,Chandur
5867,341,Na
5868,340,Dhanora
5869,341,Pombhurna
5870,341,Nagbhid
5871,340,Ettapalli
5872,341,Narbhir
5873,341,Sironcha
5874,341,Jiwati
5875,340,Chamroshid
5876,341,Bhamragadh
5877,341,Nabhid
5878,341,Chimur Bo
5879,341,Sawali
5880,340,Chamorhsi
5881,340,Na
5882,342,Nagpur
5883,342,Nagpur (urban)
5884,342,Na
5885,342,Saoner
5886,343,Gondia
5887,342,Hingna
5888,342,Bhiwapur
5889,344,Pauni
5890,342,Kamthi
5891,344,Tumsar
5892,343,Deori
5893,342,Kuhi
5894,344,Sakoli
5895,344,Lakhani
5896,343,Amgaon
5897,344,Mohadi
5898,342,Umrer
5899,343,Tirora
5900,343,Arjuni Morgaon
5901,342,Ramtek
5902,342,Kalmeshwar
5903,342,Umred
5904,343,Sadak Arjuni
5905,344,Lakhandur
5906,344,Bhandarra
5907,342,Narkhed
5908,344,Bhandara
5909,342,Katol
5910,343,Goregaon
5911,342,Mouda
5912,344,Lakhni
5913,342,Kamptee
5914,343,Sadak-arjuni
5915,342,Mauda
5916,342,Parseoni
5917,343,Salekasa
5918,342,Narkher
5919,342,Nagpur Rural
5920,342,Savner
5921,343,Gondiya
5922,342,Parsioni
5923,342,Nagpur (rural)
5924,342,Kalameshwar
5925,343,Amgoan
5926,345,Deoli
5927,345,Hinganghat
5928,345,Seloo
5929,345,Wardha
5930,345,Ashti
5931,345,Arvi
5932,345,Samudrapur
5933,338,Dhamangaon Railway
5934,345,Karanja
5935,345,Hinganghjat
5936,345,Na
5937,345,Samudraupr
5938,346,Zari Jamni
5939,346,Ner Parsopant
5940,346,Pusad
5941,346,Ner Persopant
5942,346,Kalapur
5943,346,Ghatanji
5944,346,Umarkhed
5945,346,Kelapur
5946,346,Yavatmal
5947,346,Mahagaon
5948,346,Ralegaon
5949,346,Digras
5950,346,Arni
5951,346,Kalamb
5952,346,Babhulgaon
5953,346,Umerkhed
5954,346,Wani
5955,346,Darwha
5956,346,Maregaon
5957,346,Rlegaon
5958,346,Ralegoan
5959,346,Nr Persopant
5960,346,Jhari Jamni
5961,346,Nerparsopant
5962,347,Ahmednagar
5963,347,Shrigonda
5964,347,Shevgaon
5965,347,Pathardi
5966,347,Parner
5967,347,Karjat
5968,347,Jamkhed
5969,347,Nagar
5970,347,Newasa
5971,347,Pathadi
5972,347,Rahuri
5973,347,Na
5974,347,Shrigoda
5975,347,Ahmedangar
5976,348,Sangola
5977,348,Madha
5978,348,Malshiras
5979,348,Pandharpur
5980,348,Mangalvedha
5981,348,Karmala
5982,348,Na
5983,348,Mahda
5984,348,Sangole
5985,348,Snagola
5986,348,Mangalvedhe
5987,348,Malsiras
5988,348,Pamdharpur
5989,348,Mangalwedha
5990,348,Karmalaa
5991,348,Malshira
5992,348,Sngola
5993,348,Malsras
5994,349,Pune City
5995,349,Na
5996,349,Haveli
5997,349,Pune
5998,349,Mulshi
5999,349,Mulashi
6000,349,Maval
6001,349,Ambegaon
6002,349,Indapur
6003,349,Junnar
6004,349,Bhor
6005,349,Khed
6006,349,Daund
6007,349,Shirur
6008,349,Velhe
6009,349,Baramati
6010,349,Purandar
6011,331,Khandala
6012,349,Mawal
6013,349,Purandhar
6014,349,Shiurur
6015,331,Wai
6016,331,Phaltan
6017,331,Patan
6018,331,Karad
6019,331,Khandala Bawada.
6020,331,Koregaon
6021,331,Khatav
6022,331,Satara
6023,331,Man
6024,331,Khandala Bawada
6025,331,Khandalabawada
6026,331,Mahabaleshwar
6027,331,Kandala Bawada
6028,331,Khandalabavada
6029,331,Mahabaleshwr
6030,331,Satara  Koregaon
6031,331,Phalatan
6032,331,Satara.satara
6033,331,Kanandala Bawada
6034,331,Jawoli
6035,331,Mahabaleshawar
6036,331,Man (dahiwadi)
6037,331,Kahatav
6038,331,Kahandala Bawada
6039,331,Patan.
6040,331,Kahandala Bawda
6041,331,Karad.
6042,331,Man(dahivadi)
6043,347,Akole
6044,347,Sangamner
6045,347,Shrirampur.
6046,347,Rahata
6047,347,Rahta
6048,347,Nevasa
6049,347,Kopargaon
6050,347,Kopergaon
6051,347,Shrirampur
6052,348,S.solapur
6053,348,Barshi
6054,348,South Solapur
6055,348,Akkalkot
6056,348,Solapur North
6057,348,Mohol
6058,348,Solapur South
6059,348,North Solapur
6060,348,Akkaikot
6061,348,N.solapur
6062,348,Nort Solapur
6063,348,North  Solapur
6064,348,Mhol
6065,348,Solapur
6066,350,Nil
6067,351,Nil
6068,352,Nil
6069,353,Nil
6070,354,Nil
6071,353,Nil;
6072,355,Nil
6073,356,Nil
6074,357,Nil
6075,350,Nil;
6076,358,Nil
6077,350,Imphal West
6078,351,Churachandpur
6079,352,Nil;
6080,359,Aibawk
6081,359,Saitual
6082,360,Reiek
6083,361,Hnahthial
6084,359,Tlangnuam (part)
6085,361,Chawngte
6086,359,Tlangnuam
6087,362,North Thingdawl
6088,359,Thingsulthliah
6089,363,Lawngtlai
6090,361,Lungsen
6091,364,Khawbung
6092,364,East Lungdar (part)
6093,362,Bilkhawthlir
6094,360,Zawlnuam
6095,365,Tuipang
6096,361,Lunglei
6097,362,Kolasib
6098,359,Chandmary
6099,361,West Bunghmun
6100,366,Serchhip
6101,364,S.khawbung
6102,365,Saiha
6103,364,Khawzawl
6104,361,Hanhthial
6105,363,Sangau
6106,359,Thingsulthliah (part)
6107,360,Phaileng
6108,360,Mamit
6109,360,Sairang
6110,359,Darlawn
6111,361,Demagiri
6112,361,Zotlang
6113,364,Champhai
6114,362,Kawnpui
6115,364,Ngopa
6116,359,Zawlnuam
6117,363,Chawngte
6118,361,Bunghmun
6119,359,Phullen
6120,359,Kulikawn
6121,359,Zemabawk
6122,359,Lengpui
6123,359,Bawngkawn
6124,366,Lungdar
6125,360,West Phaileng
6126,366,E. Lungdar
6127,362,Vairengte
6128,365,Siaha
6129,359,Chanmary
6130,359,Sialsuk
6131,359,Sihphir
6132,361,Thingsai
6133,367,Aghunato
6134,368,Medziphema
6135,369,Doyang H Project
6136,367,Akuluto
6137,370,Meluri
6138,367,Atoizu
6139,367,Zunheboto
6140,371,Mokokchung
6141,371,Mongkholemba
6142,372,Kiphire
6143,373,Longkhim
6144,374,Champang
6145,368,Artc
6146,368,Dimapur
6147,371,Changtongya
6148,375,Tseminyu
6149,376,Zalukie
6150,371,Tuli
6151,374,Naginimora
6152,369,Doyang H. Project
6153,369,Bhandari
6154,375,Chiechama
6155,375,Kohima Village
6156,374,Mon
6157,373,Tuensang
6158,370,Chozuba
6159,375,Kohima
6160,373,Lonkhim
6161,370,Phek
6162,370,Chizami
6163,373,Noklak
6164,369,Wokha
6165,368,Dimapur Sadar
6166,368,Chumukedima
6167,368,Dimapur Mdg
6168,371,Ongpangkong
6169,367,Ghathashi
6170,375,Kohima Sadar
6171,377,Longleng
6172,368,New Nepaligaon
6173,375,Kohima Science College
6174,368,Dimapur Bazar
6175,371,Ongpang Kong
6176,370,Pfutsero
6177,370,Phek Sadar
6178,371,Impur
6179,371,Chuchuyimlang
6180,376,Peren
6181,371,Changtogia
6182,375,New Sectt Complex
6183,374,Tizit
6184,375,Peren
6185,370,Chozoba
6186,375,New Sectt. Complex
6187,371,Chuchulang
6188,378,Na
6189,379,Na
6190,379,Mohanpur
6191,379,Sadar
6192,379,Bishramganj
6193,378,Amarpur
6194,378,Manubazar
6195,378,Ampi
6196,379,Sekerkote
6197,379,Agartala
6198,379,Birendranagar
6199,378,Melaghar
6200,378,Santirbazar
6201,378,Bagma
6202,378,Bishramganj
6203,378,Sabroom
6204,378,Rajnagar
6205,379,Sidhai
6206,378,Jatanbari
6207,379,Melaghar
6208,378,Beloniya
6209,378,Kakranan
6210,379,Sonamura
6211,379,Bishalgarh
6212,379,Kamalghat
6213,379,Boxonagar
6214,379,Ranirbazar
6215,378,Birendranagar
6216,379,Kakranan
6217,378,Muhuripur
6218,378,Udaipur
6219,378,Jolaibari
6220,378,Anandapur
6221,378,Matarbari
6222,378,Garjee
6223,378,Hrishyamukh
6224,378,Bagafa
6225,379,Kathalia
6226,379,Khayerpur
6227,379,Jirania
6228,378,Satchand
6229,378,Matai
6230,378,Radhakishorepur
6231,379,Radhanagar
6232,378,Radhanagar
6233,379,Simna
6234,378,Sadar
6235,380,Roing
6236,381,Pasighat
6237,382,Alinye
6238,383,Bordumsa Circle
6239,384,Chowkham
6240,382,Anelih
6241,382,Na
6242,385,Itanagar
6243,385,Yupia
6244,381,Mebo
6245,386,Tawang
6246,383,Bagra
6247,387,Kalaktang
6248,385,Balijan
6249,383,Bame
6250,388,Seppa
6251,385,Banderdewa
6252,383,Basar
6253,383,Bene
6254,387,Bhalukpong
6255,389,Ziro
6256,387,Bomdila
6257,390,Bordumsa
6258,391,Khonsa
6259,390,Bubang
6260,385,Hayuliang
6261,392,Chambang
6262,390,Changlang
6263,384,Tezu
6264,389,Itanagar
6265,390,Miao
6266,387,Tenga Market
6267,393,Pasighat
6268,383,Dali
6269,392,Damin
6270,394,Daporijo
6271,383,Darak
6272,383,Daring
6273,383,Darka
6274,391,Deomali
6275,387,Dirang Basti
6276,387,Dirang
6277,384,Namsai
6278,385,Diomukh
6279,394,Dumporijo
6280,390,Vijoynagar
6281,383,Likabali
6282,393,Yingkiong
6283,393,Tuting
6284,394,Giba
6285,386,Lumla
6286,381,Pasight
6287,385,Kimin
6288,384,Hayuliang
6289,392,Nyapin
6290,390,Namsai
6291,390,Jairampur
6292,386,Tang
6293,391,Longding
6294,383,Kambang
6295,384,Kamlang Nagar
6296,391,Kanubari
6297,383,Kaying
6298,385,Doimukh
6299,387,Khellong
6300,390,Khemiyong
6301,390,Kherem Bisa
6302,385,Hayulinag
6303,385,Kokila
6304,392,Koloriang
6305,383,Kombo
6306,384,Mahadevpur
6307,390,Lallung
6308,394,Lemiking
6309,394,Lepajaring
6310,386,Jang
6311,383,Liromoba
6312,387,Lish
6313,383,Logum Jining
6314,394,Maro
6315,383,Mechuka
6316,384,Medo
6317,385,Ziro
6318,385,Naharlagun
6319,384,Momong
6320,383,Monigong
6321,387,Munna Camp
6322,394,Muri
6323,394,Nacho
6324,387,Nafra
6325,390,Namdang
6326,390,Nampong
6327,391,Namsang
6328,391,Namsang Mukh
6329,390,Namtok
6330,391,Narottam Nagar
6331,390,New Mohang
6332,383,Nikte
6333,385,Nirjuli
6334,392,Palin
6335,387,Seppa
6336,383,Payum
6337,385,Na
6338,390,Rajanagar
6339,389,R N Project
6340,390,Ranglum
6341,382,Roing
6342,383,Gumgong
6343,387,Rupa
6344,385,Saglee
6345,387,Salari
6346,387,Sangti
6347,388,Seijosa
6348,387,Senge
6349,394,Sippi
6350,394,Siyum
6351,391,Soha
6352,385,Sonajuli
6353,384,Sunpura
6354,394,Tabarijo
6355,394,Taksing
6356,392,Tali
6357,394,Taliha
6358,383,Tato
6359,387,Tengaf Market
6360,387,Tippi
6361,383,Tirbin
6362,390,Vijoypur
6363,383,Vivek Nagar
6364,384,Wakro
6365,390,Yangkang
6366,383,Yoji Yora
6367,383,Yomcha
6368,395,Abhanga
6369,379,Paschim Sonatala
6370,396,Na
6371,396,Baruakandi
6372,395,Ambassa
6373,396,Saraspur
6374,396,Anandabazar
6375,396,Pecharthal
6376,379,Asharambari
6377,379,Teliamura
6378,396,Gournagar
6379,379,Bachaibari
6380,395,Bagaicherri
6381,396,Bagbassa
6382,379,Dakshin Padmabil
6383,396,Balidhum
6384,396,Bishnupur
6385,395,Balaram
6386,396,Jalai
6387,396,Balicherra
6388,395,Baligaon
6389,395,Bamancherra
6390,379,Banbazar
6391,395,Baralutma
6392,396,Dasda
6393,379,Baramaidan
6394,379,Barmura
6395,379,Belcherra
6396,379,Behalabari
6397,396,Bhangmun
6398,396,Betchesrra
6399,396,Samrurpar
6400,396,Bhagabannagar
6401,395,Bhagirathpara
6402,396,Bhagyapur
6403,379,Bharatsardarbari
6404,396,Sonaimuri
6405,396,Panisagar
6406,396,Lalcherra
6407,396,Birchandranagar
6408,379,Brahmacherra
6409,396,Brajendranagar
6410,395,Bullongbassa
6411,395,Chailengta
6412,379,Chakmaghat
6413,379,Ramchandraghat
6414,396,Chandipur
6415,396,Chandrapur
6416,379,Chankhala
6417,396,Chantail
6418,395,Chawmanu
6419,379,Chebri
6420,395,Chengkap
6421,396,Deoracherra
6422,395,Chotosarma
6423,396,Churaibari
6424,379,Promodenagar
6425,395,Dalapatipara
6426,396,Bilashpur
6427,396,Darchai
6428,395,Demcherra
6429,396,Demdun
6430,396,Deocherra
6431,396,Dewanpassa
6432,396,Dhanbilash
6433,396,Dhanicherra
6434,396,Dharmanagar
6435,395,Dhumacherra
6436,396,Dhupirbond
6437,396,South Huruah
6438,396,Dudhpur
6439,396,Durgacherra
6440,379,Durgapur
6441,379,Paschimkalyanpur
6442,379,Tulashikhar
6443,396,Huruah
6444,396,Kameswar
6445,396,Kumarghat
6446,395,Masli
6447,396,West Rataceherra
6448,396,Fatikcherra
6449,396,Fatikroy
6450,396,Fulbari
6451,395,Kamalpur
6452,396,Fultali
6453,379,Gakulbari
6454,396,Gakulnagar
6455,396,Ganganagar
6456,395,Ganganagar
6457,379,Ganki
6458,396,Garchirampara
6459,395,Kalachari
6460,379,Ghilatali
6461,396,Gobindapur
6462,379,Golabari
6463,396,Goldharpur
6464,379,Lakshminarayan Pur
6465,396,Nabincherra
6466,396,Gulakpur
6467,379,Hadrai
6468,395,Halahali
6469,396,Halflong
6470,396,Vhamgmun
6471,396,Paschim Hmunpui
6472,379,Howaibari
6473,396,East Huruah
6474,396,Ichabpur
6475,396,Ichailalcherra
6476,396,Praytyakroy
6477,396,Indurail
6478,396,Irani
6479,395,Jagabandhupara
6480,396,Jagannathpur
6481,396,Chandrahalampara
6482,396,Jlebassa
6483,396,Jampui
6484,395,Jamthing
6485,396,Ramnagar
6486,395,Jamircherra
6487,396,Uttarlaljuri
6488,396,Jubarajnagar
6489,396,Juri
6490,396,Kacharicherra
6491,395,Kachucherra
6492,396,Kadamtala
6493,396,Kailashahar
6494,396,Kalacherra
6495,396,Kalangangarpar
6496,396,Kalagong
6497,396,Kalapani
6498,396,Sorojini
6499,379,Kalyanpur
6500,379,Dwarikapur
6501,395,Salema
6502,396,Kanchanbari
6503,395,Manu
6504,396,Kanchanpur
6505,396,Kangrai
6506,396,Karaicherra
6507,379,Karailong
6508,396,Karamcherra
6509,395,Karaticherra
6510,379,Paschim Karingicherra
6511,395,Katalutma
6512,379,Khasiamangal
6513,396,Khedacherra
6514,396,Lakhinagar
6515,379,Khowai
6516,396,Ramguna
6517,395,Kuchainala
6518,395,Kulai
6519,396,Kurti
6520,395,Labancherra
6521,396,Laljuri
6522,396,Latiapur
6523,395,Laxmipur
6524,395,Longtharai
6525,396,Machmara
6526,395,Maharanipur
6527,379,Maharanipur
6528,379,Maigonga
6529,395,Mainerma
6530,395,Manikbhander
6531,395,Manikpur
6532,395,Manughat
6533,396,Manuvelly
6534,395,Maracherra
6535,396,Masauli
6536,395,Mechuria
6537,395,Mendihaor
6538,379,Moharcherra
6539,379,Madhya Krishnapur
6540,379,Sandukarkari
6541,395,Nagbangshi
6542,395,Nalicherra
6543,396,Nalkata
6544,396,Narendranagar
6545,395,Natinmanu
6546,396,Kathalcherra
6547,395,Noagaon
6548,396,Noorpur
6549,396,Padmabil
6550,379,Nunacherra
6551,396,Sukantanagar
6552,379,Paglabari
6553,379,Paharmora
6554,379,Paschimbelcherra
6555,395,Paschim Dalucherra
6556,379,Kunjaban
6557,379,Paschim Laxmicherra
6558,396,Radhapur
6559,379,Santinagar
6560,396,West Ratacherra
6561,396,Pearacherra
6562,396,Pechardahar
6563,396,Pekucherra
6564,396,Vhangmun
6565,396,Piplacherra
6566,396,Prayekroy
6567,396,Premtala
6568,396,Betcherra
6569,396,Raghna
6570,396,Rahumcherra
6571,396,Rajkandi
6572,379,Badlabari
6573,396,Rajnagar
6574,379,Paschim Ddwarikapur
6575,395,Mayachari
6576,396,Ramgunapara
6577,396,Rangauti
6578,396,Rangrung
6579,396,Ranibari
6580,395,Ranipukur
6581,396,Ratacherra
6582,379,Padmabil
6583,379,Ratia
6584,396,Rowa
6585,379,Rupacherra
6586,396,Sabual
6587,396,Murticherra
6588,396,Saidarpar
6589,396,Pratyakroy
6590,396,Sakhan Serhmun
6591,379,Samatal Padmabil
6592,396,Sanicherra
6593,395,Sarma
6594,396,Satnala
6595,396,Ambedkarnagar
6596,396,Sibnagar
6597,395,Sindhukumarpara
6598,395,Halhuli
6599,379,Singicherra
6600,396,Sonamukhi
6601,396,Pratyekroy
6602,379,Sonatala
6603,396,South Ganganagar
6604,396,Unokoti
6605,396,Sreerampur
6606,395,Srirampur Lambucherra
6607,396,Suknacherra
6608,379,Tablabari Madhya Ganki
6609,396,Tarakpur
6610,396,Taraninagar
6611,396,Kriahnanagar
6612,396,Krishnanagar
6613,396,Tilthai
6614,396,Tiangsang
6615,396,Damcherra
6616,396,Northganganagar
6617,396,Jubaraznagar
6618,396,Tuichama
6619,396,Uttar Dhanicherra
6620,396,Ujandodhpur
6621,396,Uptakhali
6622,379,Gakulnagar
6623,379,Uttarchebri
6624,379,Pulinpur
6625,396,Zaithang
6626,396,Zamurtali
6627,397,Lower Chandmari
6628,398,Dambo Rongjeng
6629,399,Jowai
6630,399,Amlarem
6631,397,Ampati
6632,397,Araimile
6633,400,Shillong
6634,401,Baghmara
6635,400,Balat
6636,398,Williamnagar
6637,397,Mahendraganj
6638,397,Barengapara
6639,402,Sumer
6640,397,Fulbari
6641,399,Ladrymbai
6642,397,Tikrikilla
6643,402,Umiam
6644,400,Bholaganj Bazar
6645,397,Dobasipara
6646,403,Balat
6647,403,Nongstoin
6648,402,Byrnihat
6649,400,Cherrabazar
6650,400,Cherrapunjee
6651,398,Rongjeng
6652,398,Resubelpara
6653,398,Lower Chandmari
6654,400,Shella
6655,397,Garobadha
6656,401,Na
6657,399,Dawki
6658,400,Dawki
6659,400,Upper Shillong
6660,400,Mawpat
6661,398,Ronjeng
6662,403,Mairang
6663,397,Grobadha
6664,400,Na
6665,402,Nongpoh
6666,399,Khliehriat
6667,400,Pynursla
6668,398,Nangwalbibra
6669,403,Mawkyrwat
6670,400,Smit
6671,399,Thadlaskein
6672,398,Dudnai
6673,399,Na
6674,400,Madanriting
6675,400,Mawlai
6676,402,Umsning
6677,400,Laitkor Peak
6678,400,Mawsynram
6679,400,Laban
6680,400,Mawphlang
6681,401,Rongra
6682,397,Mahendraganjj
6683,400,Nonglyer
6684,403,Mawphlang
6685,397,Mendipathar
6686,397,Nangwalbibra
6687,403,Na
6688,398,Na
6689,397,Resubelpara
6690,400,Mawkynrew
6691,400,Sumer
6692,399,L;adrymbai
6693,397,Tura
6694,402,Ucc
6695,400,Rynjah
6696,399,Thadlasken
6697,402,Umsaw
6698,404,Aska
6699,404,Digapahandi
6700,404,Buguda
6701,404,Bhanjanagar
6702,404,Surada
6703,404,Asika
6704,404,Hinjili
6705,404,Kabisuryanagar
6706,404,Hinjli
6707,404,Kodala
6708,405,Paralakhemundi
6709,404,Chatrapur
6710,404,Khallikote
6711,405,Parlakhemundi
6712,405,Mohana
6713,404,Purushottampur
6714,404,Berhampur
6715,405,R.udayagiri
6716,404,Jarada
6717,404,Brahmapur Sadar
6718,404,Mohana
6719,404,Chhatrapur
6720,404,Chikiti
6721,404,Gopalpur
6722,404,Kkhallikote
6723,404,Khalikote
6724,404,Purusottampur
6725,404,Bissmagiri
6726,404,Bomakei
6727,404,Girisola
6728,404,Rambha
6729,405,Paralkhemundi
6730,405,Serango
6731,405,Rayagada
6732,404,Berhampurf
6733,405,R.Udaygiri
6734,405,Adva
6735,405,Kashinagara
6736,404,Golanthara
6737,405,Garabandha
6738,406,Kesinga
6739,407,Komna
6740,406,Jaipatna
6741,406,Dharamgarh
6742,406,M.rampur
6743,407,Boden
6744,407,Nuapada
6745,406,Junagarh
6746,406,Bhawanipatna
6747,407,Duajhar
6748,406,Golamunda
6749,406,Thuamulrampur
6750,407,Khariar
6751,406,Klampur
6752,406,Narla
6753,406,Kalampur
6754,406,Lanjigarh
6755,407,Sinhapalli
6756,407,Khariar Road
6757,406,Sadar
6758,406,Khariar
6759,406,Th. Rampur
6760,406,Karlamunda
6761,407,Sinapalli
6762,406,Dhramgarh
6763,406,Dharmagarh
6764,406,Bhawanipatana
6765,407,Nuapara
6766,406,Jaipatana
6767,406,M.ramour
6768,406,Madanpur Rampur
6769,406,Sinhapalli
6770,406,Th.rampur
6771,407,Bodeb
6772,407,Jonk
6773,406,Jaipatn A
6774,406,Madanpurrampur
6775,406,Junagrh
6776,407,Sinapali
6777,406,Bhawaniaptna
6778,407,Khatriar
6779,408,Koraput
6780,409,Kashipur
6781,410,Umerkote
6782,410,Nabarangpur
6783,409,Muniguda
6784,409,Gunupur
6785,409,Bissamcuttack
6786,411,Malkangiri
6787,408,Jeypore(k)
6788,408,Pottangi
6789,411,Motu
6790,408,Borigumma
6791,411,Chitrakonda
6792,409,Rayagada
6793,409,Gudari
6794,411,Machhkund
6795,410,Kodinga
6796,409,Ambadala
6797,408,Jeypur
6798,410,Kodinda
6799,411,Kalimela
6800,410,Umarkote
6801,410,Nabarangour
6802,408,Machh Kund
6803,408,Machkund
6804,408,Machhkund
6805,408,Narayanpatna
6806,410,Tentulikhunti
6807,408,Na
6808,409,Bishamakatak
6809,408,Kotpad
6810,410,Jharigan
6811,410,Paparahandi
6812,408,Boipariguda
6813,408,Nandapur
6814,408,Dasamantapur
6815,410,Dabugan
6816,408,Sunabeda
6817,409,K.singhpur
6818,408,Kundura
6819,408,Damanjodi
6820,410,Nabarangapur
6821,411,Mathili
6822,411,Orkel
6823,408,Bhairabsingipur
6824,408,Jeypore
6825,408,Boriguma
6826,408,Narayanpatana
6827,409,Padmapur
6828,409,Kalyanasingpur
6829,408,Birigumma
6830,408,Padua
6831,410,Raighar
6832,408,Lakshmipur
6833,408,Laxmipur
6834,410,Nabarangpu
6835,408,Similiguda
6836,410,Khatiguda
6837,411,Na
6838,409,Rayagada(k)
6839,410,Nabarngpur
6840,412,Paburia
6841,412,Gumagarh
6842,413,Jhadrajing
6843,413,Boudh
6844,412,Bamunigaon
6845,412,Ghantapada
6846,412,Tikabali
6847,413,Harabhanga
6848,412,Khajuripada
6849,413,Purunakatak
6850,412,Daringbadi
6851,413,Kantamal
6852,412,Balliguda
6853,413,Sarsara
6854,413,Baghiabahal
6855,413,Bounsuni
6856,412,Khajuripda
6857,412,Raikia
6858,412,Barakhama
6859,412,Phulbani
6860,412,Kurtamgarh
6861,412,Nuagaon
6862,412,Kalinga
6863,412,Kothagarh
6864,412,Phiringia
6865,412,Linepada
6866,413,Manamunda
6867,412,Sarangada
6868,412,Chakapad
6869,412,Tumudibandha
6870,413,Biranarasinghpur
6871,413,Boudhraj
6872,412,G.udayagiri
6873,412,G Udayagiri
6874,413,Ghantapada
6875,412,Sankarakhole
6876,413,Khajuripada
6877,413,Bousuni
6878,412,Phirigia
6879,413,Harabhnaga
6880,413,Harabhuin
6881,412,Harabhanga
6882,413,Birasinghpur
6883,412,Phirngia
6884,412,Raikai
6885,412,Baliguda
6886,412,Khajuriapada
6887,414,Soro
6888,414,Bhograi
6889,414,Niligiri
6890,414,Jaleswar
6891,414,Basta
6892,414,Nilgiri
6893,414,Balasore
6894,414,Raibania
6895,414,Baliapal
6896,414,Baleshwar Sadar
6897,414,Singla
6898,414,Rupsa
6899,414,Khaira
6900,414,Nilagiri
6901,414,Simulia
6902,414,Similia
6903,414,Remuna
6904,415,Bant
6905,415,Basudebpur
6906,415,Bhadrak
6907,415,Dhamnagar
6908,415,Basudevpur
6909,415,Dhusuri
6910,415,Chandabali
6911,415,Bhadrak Rural
6912,415,Chandbali
6913,415,Dhamanagar
6914,415,Tihidi
6915,415,Agarpada
6916,415,Bhandari Pokhari
6917,416,Hatadihi
6918,414,Bant
6919,415,Basduevpur
6920,417,Bhubaneswar
6921,417,Balianta
6922,418,Kakatpur
6923,418,Gop
6924,418,Nimapada
6925,418,Nimapara
6926,418,Pipili
6927,417,Lingaraj
6928,417,Saheednagar
6929,418,Kakatpur]
6930,418,Konark
6931,419,Niali
6932,418,Niampara
6933,419,Cuttack Sadar
6934,419,Banki
6935,419,Barang
6936,417,Chandaka
6937,419,Cuttack  Sadar
6938,419,Gobindpur
6939,417,Balipatna
6940,420,Binjharpur
6941,420,Dharmasala
6942,420,Darpanigarh
6943,421,Rajkanika
6944,420,Jajpur
6945,419,Salipur
6946,421,Pattamundai
6947,421,Kendrapara
6948,420,Jajpur Road
6949,420,Jajapur
6950,421,Aul
6951,421,Marsaghai
6952,421,Rajnagar
6953,421,Marasaghai
6954,416,Keonjhar
6955,420,Jajpur Road.
6956,420,Jajpur Raod
6957,420,Bimjharpur
6958,419,Badamba
6959,419,Tigiria
6960,422,Balikuda
6961,422,Jagatsinghpur
6962,419,Narasinghpur
6963,419,Jagatpur
6964,422,Naugaon
6965,422,Jagatsinghapur
6966,422,Tirtol
6967,422,Kujang
6968,419,Na
6969,420,Darpan
6970,422,Kishorenagar
6971,419,Athagad
6972,419,Athagarh
6973,422,Paradip
6974,419,Kishannagar
6975,419,Kishorenagar
6976,422,Naugaonhat
6977,419,Tangi Choudwar
6978,419,Narsinghpur
6979,421,Patkura
6980,419,Baramba
6981,420,Badachana
6982,419,Tangi
6983,419,Mahanga
6984,419,Salepur
6985,419,Choudwar
6986,422,Biridi
6987,422,Ersama
6988,419,Darpan
6989,422,Kujanga
6990,422,Raghunathpur
6991,422,Marsaghai
6992,422,Tirol
6993,423,Betnoti
6994,423,Rairangpur
6995,423,Rasgovindpur
6996,423,Barsahi
6997,423,Udala
6998,423,Baripada
6999,423,Karanjia
7000,423,R.g.pur
7001,423,Rg Pur
7002,423,Bahalda
7003,423,Khunta
7004,423,R.g. Pur
7005,423,Barasahi
7006,423,Na
7007,423,Barsashi
7008,418,Puri
7009,417,Tangi
7010,424,Khandapara
7011,418,Satyabadi
7012,418,Brahmagiri
7013,417,Khurda
7014,417,Banpur
7015,417,Bolagarh
7016,424,Ranpur
7017,424,Khandaparagarh
7018,424,Bhapur
7019,418,Krishnaprasad
7020,424,Nayagarh
7021,418,Krushnaprsad
7022,418,Sakhigopal
7023,417,Chilika
7024,417,Nayagarh
7025,417,Begunia
7026,417,Puri
7027,418,Krushnaprasad
7028,424,Daspalla
7029,424,Khandapra
7030,424,Odagaon
7031,424,Ranapur
7032,417,Satyabadi
7033,417,Kanas
7034,417,Jatni
7035,417,Pipli
7036,417,Pipili
7037,418,Satyabai
7038,425,Titilagarh
7039,425,Loisingha
7040,425,Kantabanji
7041,426,Birmaharajpur
7042,425,Balangir
7043,425,Tusra
7044,426,Tarbha
7045,426,Binka
7046,426,S.rampur
7047,425,Patnagarh
7048,426,Sonepur
7049,426,S Rampur
7050,425,Losingha
7051,426,Ullunda
7052,425,Patngarh
7053,425,Tusura
7054,426,Sonapur
7055,425,S.rampur
7056,426,B.m.pur
7057,425,Khaprakhol
7058,425,Sindhekela
7059,426,Brmaharajpur
7060,426,Tarha
7061,427,Athamallik
7062,428,Parajang
7063,428,Kamakhyanagar
7064,427,Angul
7065,427,Rengali Damsite
7066,428,Hindol
7067,427,Talcher
7068,428,Dhenkanal
7069,427,Pallahara
7070,428,Dhenkanal Sadar
7071,428,Bhuban
7072,428,Gandia
7073,427,Chhendipada
7074,427,Anugul
7075,427,Talcher Sadar
7076,428,Motunga
7077,428,Kamakshyanagar
7078,427,Colliery
7079,428,Rasol
7080,427,Banarpal
7081,427,Khamar
7082,427,Athmallik
7083,427,Samal Barrage
7084,427,Kaniha
7085,428,Balimi
7086,427,Thakurgarh
7087,428,Tumusingha
7088,427,Na
7089,416,Telkoi
7090,416,Anandapur
7091,416,Ghatagaon
7092,416,Champua
7093,416,Patna
7094,416,Barbil
7095,416,Na
7096,416,Banspal
7097,416,Anadapur
7098,416,Gahtagaon
7099,416,Kendujhar Town
7100,416,Baril
7101,416,Andnapur
7102,420,Jajapur Road
7103,429,Sadar
7104,430,Bargarh
7105,430,Barpali
7106,429,Dhama
7107,431,Laikera
7108,429,Sambalpur
7109,430,Ambabhana
7110,432,Barkote
7111,429,Maneswar
7112,430,Jharbandh
7113,431,Jharsuguda Sadar
7114,429,Mahulpalli
7115,430,Bheden
7116,431,Lakhanpur
7117,430,Attabira
7118,432,Reamal
7119,430,Bijepur
7120,430,Barapali
7121,429,Kuchinda
7122,429,Laikera
7123,429,Govindpur
7124,429,Jujumura
7125,429,Rairakhol
7126,430,Paikmal
7127,429,Jamankira
7128,431,Jharsuguda
7129,429,Bamra
7130,430,Bhatli
7131,431,Belpahar
7132,432,Tileibani
7133,430,Bargarh Sadar
7134,430,Paikamal
7135,429,Dhankauda
7136,429,Katarbaga
7137,429,Naktideul
7138,429,Kochinda
7139,430,Sohella
7140,431,Kirmira
7141,430,Rajborasambar
7142,430,Padmapur
7143,429,Rengali
7144,431,Brajarajnagar
7145,430,Gaisilet
7146,432,Debagarh
7147,432,Deogarh
7148,429,Dhanupali
7149,430,Melchhamunda
7150,430,Ambabhona
7151,429,Burla
7152,432,Kundheigola
7153,430,Rajborasamber
7154,429,Hirakud
7155,430,Sohela
7156,429,Jujomura
7157,429,Sasan
7158,431,Kolabira
7159,432,Barkot
7160,429,Na
7161,431,Banaharapali
7162,429,Kisinda
7163,431,Lakhanpur Bo
7164,431,Lakhanpur Ho
7165,431,Jhrasuguda Sadar
7166,431,Jhasuguda Sadar
7167,433,Kuarmunda
7168,433,Bisra
7169,433,Rajgangpur
7170,433,Lephripara
7171,433,Tangarpali
7172,433,Bargaon
7173,433,Kutra
7174,433,Tangarapali
7175,433,Talasara
7176,433,Lathikata
7177,433,Lahunipara
7178,433,Bhasma
7179,433,Bonaigarh
7180,433,Nuagaon Block
7181,433,Sundargarh
7182,433,Raghunathapali
7183,433,Hemgir
7184,433,Balisankara
7185,433,Balisanakara
7186,433,Banei
7187,433,Bisra Block
7188,433,Baragaon
7189,433,Raurkela Industrial Township (its)
7190,433,Kamarposh Balang
7191,433,Brahmani Tarang
7192,433,Rourkela Steel City
7193,433,Gurundia
7194,433,Subdega
7195,433,Hatibari
7196,433,Rajagangapur
7197,433,Raurkela (m)
7198,433,Biramitrapur
7199,433,Koira
7200,433,Kuta
7201,433,Nuagaon
7202,433,Koida
7203,433,Mahulpada
7204,433,Hemgri
7205,433,Kinjirkela
7206,433,Banki
7207,433,Bondamunda
7208,433,Rourkela
7209,433,Tangarpur
7210,433,Sundargarh Town
7211,433,Tangarpai
7212,434,Ropar
7213,434,Chandigarh
7214,435,Ropar
7215,436,Na
7216,437,Bela
7217,434,Na
7218,436,Ropar
7219,437,Rupnagar
7220,437,S.A.S.Nagar (mohali)
7221,436,Dera Bassi
7222,436,Derabassi
7223,437,Anandpur Sahib
7224,437,Kharar
7225,437,Na
7226,437,Ropar
7227,435,Na
7228,438,Dera Bassi
7229,435,Bhanupali
7230,437,Bharatgarh
7231,437,Chamkaur Sahib
7232,438,Rajpura
7233,436,Sialba Majri
7234,436,Khizrabad West
7235,435,Kiratpur Sahib
7236,435,Ropar Ho
7237,436,Mullanpur
7238,435,Lutheri
7239,436,Kharar
7240,436,Sahauran
7241,436,Rajpura
7242,439,Ludhiana
7243,439,Na
7244,439,Bharat Nagar Chowk
7245,439,Raikot
7246,439,Jagraon
7247,439,Khanna
7248,439,Ludhiana (east)
7249,439,Ludhiana (west)
7250,440,Khamanon
7251,439,Samrala
7252,439,Payal
7253,439,Ludhiana  Ludhiana
7254,439,Ludhiana East
7255,440,Sirhind
7256,438,Patiala
7257,438,Samana
7258,438,Nabha
7259,440,Amloh (p)
7260,438,Payal
7261,440,Rajpura
7262,438,Na
7263,438,Khamanoo
7264,440,Bassi
7265,438,Derabassi
7266,438,Amloh (p)
7267,438,Fatehgarh Sahib
7268,438,Bassi Pathana
7269,440,Fatehgarh Sahib
7270,438,Khamanon
7271,440,Khamanoo
7272,440,Bassi Pathana
7273,438,Samaana
7274,438,Fateh Garh Sahib
7275,440,Fatehgarhsahib
7276,438,Sirhind
7277,440,S.A.S.Nagar (mohali)
7278,438,Bassi
7279,439,Khamanoo
7280,441,Malerkotla
7281,441,Sangrur
7282,441,Moonak
7283,442,Barnala
7284,441,Dhuri
7285,441,Sunam
7286,441,Na
7287,442,Na
7288,441,Lehragaga
7289,441,Chhajli
7290,441,Ladda
7291,443,Kathunangal
7292,443,Na
7293,444,Tarn-taran
7294,444,Khem Karan
7295,444,Harike
7296,444,Na
7297,443,Amritsar
7298,444,Patti
7299,443,Amritsar- Ii
7300,443,Amritsar -i
7301,443,Attari
7302,443,Ajnala
7303,443,Dhotian
7304,443,Khalra
7305,443,Baba Bakala
7306,443,Khilchian
7307,443,Chogawan
7308,444,Khem Karn
7309,443,Bhikhiwind
7310,443,Bundala
7311,443,Sathiala
7312,443,Kot Mit Singh
7313,443,S.a. Khan
7314,443,Kot Mit Sing
7315,443,S.a.khan
7316,443,D.khasa
7317,444,Khalra
7318,443,Rayya
7319,443,Kathunanagal
7320,444,Amritsar
7321,443,Sarhali
7322,443,Kacha Pacca
7323,444,Kang
7324,443,Jandiala
7325,443,Jandiala Guru
7326,443,Verka
7327,443,Beas
7328,444,Kairon
7329,443,Chamiari
7330,443,Tarn Taran
7331,443,Raja Sansi
7332,444,Khadoor Sahib
7333,443,Sur Singh
7334,443,Bundalal
7335,443,D.b.j.singh.
7336,443,Preet Nagar
7337,443,Kang
7338,443,Chabhal
7339,443,Khem Karan
7340,443,Tarsika
7341,443,Mehta Chowk
7342,443,Chetanpura
7343,443,Nausher Panvan
7344,443,Ajnla
7345,443,Majitha
7346,443,Khadoor Sahib
7347,443,Chola Sahib
7348,444,Tarn Taran
7349,443,Fatehpur Rajputan
7350,444,Fatehpur Rajputan
7351,443,Harike
7352,443,Naushera Panvan
7353,443,Kairon
7354,443,Butala
7355,443,Khilchaian
7356,443,Jandila Guru
7357,443,Janidiala Resistant/s
7358,445,Goniana Mandi
7359,446,Mansa
7360,446,Bdh
7361,445,Phul
7362,446,Boha
7363,446,Bkh
7364,445,Bareta
7365,445,Bathinda
7366,445,Rampura Phul
7367,445,Sangat
7368,445,T Sabo
7369,446,Na
7370,445,T.sabo
7371,445,Talwandi Sabo
7372,445,Bhucho Manda
7373,445,Bhucho
7374,446,Budhlada
7375,446,Bhaini Bagha
7376,445,Maur
7377,445,Na
7378,445,Bti
7379,445,Bhai Rupa
7380,445,Maur Mandi
7381,445,Bhagta Bhai
7382,445,T  Sabo
7383,446,B.bagha
7384,446,Maur
7385,446,Sardulgarh
7386,446,B. Bagha
7387,447,Malout
7388,448,Moga
7389,447,Muktsar
7390,448,Bhagha Purana
7391,449,Faridkot
7392,447,Giddarbaha
7393,448,Nihal Singh Wala
7394,449,Na
7395,449,Jaitu
7396,448,Baghapurana
7397,447,Na
7398,448,Nihal Singhwala
7399,449,Kotkapura
7400,448,Na
7401,447,Lambi
7402,448,Baghaurana
7403,450,Abohar
7404,450,Jalalabad
7405,450,Na
7406,448,Dharamkot
7407,450,Firozepur
7408,450,Fazilka
7409,450,Ferozepur
7410,450,Zira
7411,450,Moga
7412,450,Ferozpeur
7413,448,Dharmakot
7414,448,Dharmkot
7415,450,Feroeepur
7416,450,Firozpur
7417,448,Dharakot
7418,450,Aboahr
7419,451,Abohar
7420,452,Pathankot
7421,452,Batala
7422,452,Gurdaspur
7423,453,Pathankot
7424,452,Na
7425,452,Dera Baba Nanak
7426,452,Dhar Kalan
7427,452,Guirdaspur
7428,452,Sub Tehsil Dhariwal
7429,453,Dhar Kalan
7430,453,Na
7431,454,Hoshiarpur
7432,455,Balachaur
7433,454,Na
7434,454,Nawanshahar
7435,455,Nawanshahar
7436,454,Hoshiar  Pur
7437,454,Garhshankar
7438,454,Mukerian
7439,454,Dasua
7440,454,Dasuya
7441,454,Hoshiar Pur
7442,454,Gurdaspur
7443,454,Balachaur
7444,456,Jalandhar - I
7445,456,Phillaur
7446,456,Jalandhar -ii
7447,455,Banga
7448,455,Nawanshahr
7449,456,Jalandhar
7450,455,Phillaur
7451,456,Nakodar
7452,457,Kapurthala
7453,457,Bholath
7454,457,Phagwara
7455,457,Bhulath
7456,456,Shahkot
7457,456,Phagwara
7458,457,Na
7459,457,Jalandhar -ii
7460,456,Na
7461,456,Nakoder
7462,457,Sultanpur Lodhi
7463,457,Sultanpur
7464,457,Dhilwan
7465,456,Sultanpur
7466,456,Kapurthala
7467,457,Phagwara Ho
7468,456,Phagwara Ho
7469,457,Shahkot
7470,457,Nawanshahr
7471,456,Bholath
7472,456,Jalandhar-ii
7473,458,Ajmer
7474,458,Kishangarh
7475,458,Kishan Garh
7476,458,Nasira Bad
7477,458,Nasirabad
7478,458,Kiashan Garh
7479,458,Kishsangarh
7480,458,Kekri
7481,458,Beawar
7482,458,Bewar
7483,458,Bhinai
7484,458,Sarwar
7485,458,Bijainagar
7486,459,Beawar
7487,458,Bhina
7488,458,Pisangan
7489,458,Masuda
7490,458,Na
7491,460,Bhilwara
7492,460,Na
7493,460,Mandalgarh
7494,461,Arnod
7495,461,Pratapgarh
7496,461,Rashmi
7497,461,Na
7498,461,Pratbgarh
7499,461,Chittorgah
7500,461,Bhadesar
7501,461,Bhupalsagar
7502,461,Bari Sadari
7503,461,Chhoti Sadari
7504,461,Pratabgarh
7505,461,Partabgarh
7506,461,Kapasan
7507,461,Rawatbhata
7508,461,Bassi
7509,461,Doongla
7510,461,Mangrol
7511,461,Shambhupura
7512,461,Nimbahera
7513,461,Begun
7514,461,Barisadari
7515,461,Dhamotar
7516,461,Partapgarh
7517,461,Chittorgarh
7518,461,Rasmi
7519,461,Gangrar
7520,461,Rawatbhatta
7521,461,Chhotisadari
7522,461,Bhopalsagar
7523,461,Cittorgarh
7524,461,Doongala
7525,461,Chhoti Sadri
7526,461,Bari Sadri
7527,461,Bhensrorgarh
7528,461,Akola
7529,461,Annuppura
7530,461,Bari Sadrai
7531,461,Bhuopalsagar
7532,461,Chhoti Sadrai
7533,461,Barisadri
7534,461,Bhdesar
7535,461,Chitttorgarh
7536,461,Chhotisadri
7537,461,Rawabhatta
7538,462,Banswara
7539,463,Dungarpur
7540,463,Na
7541,463,Aspur
7542,462,Na
7543,464,Kota
7544,465,Baran
7545,466,Jhalawar
7546,464,Digod
7547,465,Kota
7548,464,Baran
7549,464,Jhalawar
7550,464,Na
7551,461,Jhalawar
7552,465,Jhalawar
7553,466,Kota
7554,467,Bundi
7555,468,Tonk
7556,468,Na
7557,467,Na
7558,468,Newai
7559,459,Amet
7560,469,Dhariawad
7561,469,Kherwara
7562,469,Salumber
7563,469,Girwa
7564,469,Bhinder
7565,459,Rajsamand
7566,459,Nathdwara
7567,469,Girva
7568,469,Jhadol
7569,459,Deogarh
7570,459,Kumbhalgarh
7571,469,Vallabhnagar
7572,459,Gogunda
7573,469,Sarara
7574,469,Mavli
7575,469,Badgaon
7576,469,Gogunda
7577,459,Bhim
7578,469,Kotra
7579,459,Khamnore
7580,459,Railmagra
7581,459,Rajsmand
7582,469,Na
7583,459,Charbhuja
7584,459,Rajasamand
7585,459,Mavli
7586,459,Lawa Sardargarh
7587,459,Gilund
7588,469,Lasadia
7589,469,Vallabhangar
7590,459,Koaria
7591,459,Kothaira
7592,459,Kuraj
7593,459,Kankroli
7594,459,Raajsamand
7595,469,Sayra
7596,470,Alwar
7597,470,Rajgarh
7598,470,Tana Gazi
7599,470,Thanagazi
7600,470,Mandawar
7601,470,Bahror
7602,470,K.g.basss
7603,470,Ramgarh
7604,470,Laxmangarh Alwar
7605,470,Tizara
7606,470,Kishan Garh
7607,470,Bansur
7608,470,Laxman Garh
7609,470,Laxaman Garh
7610,470,Lachhmangarh
7611,470,Kishan Garh Bass
7612,470,Laxmangarh
7613,470,Tijara
7614,470,Neemrana
7615,470,Laxmzn Garh
7616,470,Behror
7617,470,Kathumar
7618,471,Bharatpur
7619,471,Kumher
7620,471,Nagar
7621,471,Nadbai
7622,471,Na
7623,471,Kaman
7624,471,Weir
7625,471,Deeg
7626,471,Pahari
7627,471,Bayana Mdg
7628,472,Bari
7629,472,Rajakhera
7630,472,Baresei
7631,472,Dholpur
7632,471,Bayana
7633,472,Saipau
7634,472,Baseri
7635,471,Roopbas
7636,472,Baresri
7637,473,Sanganer
7638,473,Jaipur
7639,473,Amer
7640,473,Na
7641,473,Kalwad
7642,473,Amber
7643,474,Dausa
7644,473,Dausa
7645,474,Jaipur
7646,474,Lalsot
7647,475,Chauth Ka Barwara
7648,475,Sawaimadhopur
7649,475,Gangapur
7650,476,Todabhim
7651,475,Khandar
7652,475,Na
7653,476,Sapotara
7654,475,Bamanwas
7655,476,Mandrail
7656,476,Karauli
7657,476,Nadoti
7658,475,Bonli
7659,476,Hindaun
7660,475,Malrna Doongar
7661,475,Malarna Dungar
7662,476,Sapotrara
7663,475,Malarna Doongar
7664,475,Gangpur
7665,476,Karaui
7666,475,Phalodi Quarry
7667,475,Chuth Ka Barwara
7668,476,Saptara
7669,476,Hinduan
7670,477,Ramsar
7671,477,Bishala
7672,477,Sindhari
7673,477,Chohtan
7674,477,Samdari
7675,477,Baitu
7676,477,Ranigaon
7677,477,Dhorimana
7678,477,Gudamalani
7679,477,Gunga
7680,477,Sedwa
7681,477,Balotra
7682,477,Kalyanpur
7683,477,Barmer
7684,477,Pachpadra City
7685,477,Shiv
7686,477,Gadra Road
7687,477,Kavas
7688,477,Mokalsar
7689,477,Padru
7690,477,Sanawara
7691,477,Rawatsar
7692,477,Gudamalni
7693,477,Siwana
7694,477,Swau Padamsingh
7695,477,Jasol
7696,477,P;arlu
7697,477,Parlu
7698,477,Swaupadamsingh
7699,477,Mewanagar
7700,477,Barmer Ho
7701,478,Bikaner
7702,478,Khajuwala
7703,479,Dungargarh
7704,478,Chhatargarh
7705,478,Nokha
7706,478,Na
7707,478,Biakner
7708,478,Lunkaransar
7709,478,Kolayat
7710,478,Bikansr
7711,479,Ratangarh
7712,479,Sujangahr
7713,479,Sardarshahar
7714,479,Taranagar
7715,479,Sujangarh
7716,479,Churu
7717,479,Sadulpur
7718,479,Sardarshahr
7719,479,Na
7720,479,Rajgarh
7721,480,Jhunjhunu
7722,480,Chirawa
7723,480,Surajgarh
7724,480,Udaipurwati
7725,480,Khetri
7726,480,Buhana
7727,480,Alsisar
7728,480,Jhunjhunun
7729,480,Nawalgarh
7730,480,Malsisar
7731,480,Buhaana
7732,480,Nawalglarh
7733,480,Udaiprwati
7734,480,Nawlgarh
7735,480,Udaip;urwati
7736,480,Udail;urwati
7737,480,Udaiplurwati
7738,480,Jhunjhunui
7739,480,Udailpurwati
7740,480,Udaiurwati
7741,481,Aau
7742,482,Na
7743,481,Jodhpur
7744,481,Khichan
7745,481,Lavera Baori
7746,481,Pipar Road
7747,481,Setrawa
7748,481,Na
7749,481,Bhopalgarh
7750,481,Bhavi
7751,481,Teori
7752,481,Balesar
7753,481,Banar
7754,481,Osian
7755,481,Phalodi
7756,481,Bap
7757,481,Bilara
7758,481,Peelwa
7759,481,Chadi
7760,481,Dunara
7761,481,Pipar
7762,482,Jaisalmer
7763,481,Mathania
7764,481,Shergarh
7765,482,Pokaran
7766,481,Asop
7767,481,Lohawat
7768,481,Luni
7769,481,Dechu
7770,481,Tena
7771,482,Fatehgarh
7772,481,Borunda
7773,481,Mandore
7774,483,Khinwsar
7775,483,Didwana
7776,483,Merta
7777,483,Nagaur
7778,483,Na
7779,483,Degana
7780,483,Nawacity
7781,483,Ladnun
7782,483,Parbatsar
7783,483,Jael
7784,483,Mundwa
7785,483,Makrana
7786,483,Kuchamancity
7787,483,Marwar Mundwa
7788,483,Didwana]
7789,484,Jaitaran
7790,484,Sojat
7791,484,Bali
7792,484,Raipur  Mwr
7793,484,Desuri
7794,484,Jetaran
7795,484,Sumerpur
7796,484,Na
7797,484,Marwar Jn.
7798,484,Raipur
7799,484,Pali Mwr
7800,484,Rohat
7801,484,Pali
7802,484,Pali  Mwr
7803,484,Marwar Jn
7804,484,Pali Marwar
7805,484,Marwar  Jn.
7806,484,Raipur Mwr
7807,484,Marwar In.
7808,485,Sikar
7809,485,Srimadhopur
7810,485,Fatehpur
7811,485,Nimkathana
7812,485,Na
7813,485,Danta Ramgarh
7814,485,Fatehpur Shekhawati
7815,485,Lachhmangarh
7816,485,Sri Madhopur
7817,485,Neem-ka-thana
7818,486,Abu Road
7819,486,Aburoad
7820,487,Na
7821,486,Na
7822,487,Ahore
7823,487,Sanchore
7824,486,Reodar
7825,487,Jalore
7826,486,Sirohi
7827,486,Pindwara
7828,487,Bhinmal
7829,487,Jalor
7830,486,Sheoganj
7831,487,Raniwara
7832,487,Bagora
7833,487,Sayla
7834,487,Bagra
7835,488,Padampur
7836,488,Gharsana
7837,488,Sriganganagar
7838,488,Raisinghnagar
7839,488,Sribijaynagar
7840,488,Na
7841,488,Srikaranpur
7842,488,Gajsinghpur
7843,489,Rawatsar
7844,488,Sribijeynagar
7845,488,Kesrisinghpur
7846,488,Anupgarh
7847,489,Gajsinghpur
7848,489,Pilibanga
7849,488,Srigaganagar
7850,488,Suratgarh
7851,488,Gajsinghpura
7852,488,Sribijenagar
7853,489,Hanumangarh Jn.
7854,488,Sadulsahar
7855,489,Pilibangan
7856,489,Bhadra
7857,488,Sadulshahar
7858,489,Sangaria
7859,489,Hanumangarh
7860,489,Nohar
7861,489,Sangari
7862,489,Snagaria
7863,489,Rawatsar.
7864,488,Srigangangar
7865,489,Tibbi
7866,488,Srigangangaar
7867,488,Gajsingpur
7868,489,Bhdra
7869,489,Sadulshahar
7870,489,Na
7871,489,Kohlan
7872,488,Anoopgarh
7873,489,Hanumangrh
7874,488,Ramsinghpur
7875,488,Padampura
7876,490,Chennai
7877,491,Arcot
7878,491,Arakkonam
7879,491,Walajapet
7880,491,Wallajah
7881,491,Arakonam
7882,492,Cheyyar
7883,491,Na
7884,491,Katpadi
7885,492,Arni
7886,491,Walaja
7887,491,Walajapet Taluk
7888,493,Na
7889,493,Chengalpattu
7890,493,Tirukalikundram
7891,493,Uthiramerur
7892,493,Cheyyur
7893,493,Madurantakam
7894,493,Tiruklalikundram
7895,493,Cheyur
7896,493,Chengalpatatu
7897,493,Sriperubudur Taluk
7898,493,Chengalpattu Taluk
7899,493,Chengallpattu
7900,493,Tirukalilkundram
7901,493,Maduranthakam
7902,493,Sriperumbudur
7903,493,Chengalplattu
7904,493,Tirulkalikundram
7905,493,Tirukalikundram`
7906,493,Uttiramerur
7907,493,Tirukalukundram
7908,493,Utiramerur
7909,490,Perambur Purasawalkam
7910,490,Egmore Nungambakkam
7911,490,Ambattur
7912,490,Maduravoyal
7913,490,Tondiarpet Fort St George
7914,490,Na
7915,490,Egmore Nungambakka
7916,490,Perambur Purawalkam
7917,490,Tondiarpet Fort St Goerge
7918,494,Chennai Corporation
7919,490,Egmore Nungambakkm
7920,490,Chennai City Corporation
7921,493,Saidapet
7922,494,Na
7923,493,Kancheepuram
7924,493,Chennai City Corporation
7925,490,Mambalam
7926,490,Mylapore - Triplicane
7927,494,Pallipat
7928,494,Tiruttani
7929,494,Trutani
7930,493,Kanchipuram
7931,494,Tiruvallur
7932,494,Tirutani
7933,494,Pallipattu
7934,494,Uttukottai
7935,494,Thiruvallur
7936,494,Poonamallee
7937,494,Uthukkottai
7938,494,Sriperumbudur
7939,493,Sriperubudur
7940,494,Tiurvallur
7941,495,Villupuram
7942,495,Tindivanam
7943,22,Villianur Commune Panchayat
7944,495,Viluppuram
7945,495,Gingee
7946,495,Vanur
7947,22,Pondichery
7948,496,Cuddalore
7949,495,Tindvanam
7950,495,Nettapakkam Commune Panchayat
7951,495,Tindivaman
7952,495,Villupurm
7953,494,Ponneri
7954,494,Ambattur
7955,494,Gummidipundi
7956,493,Tambaram
7957,494,Gummidipoondi
7958,493,Chingleput
7959,490,Chennai City
7960,493,Chinglepet
7961,493,Sholinganallur
7962,494,Poonamalee
7963,494,Gummidpundi
7964,494,Gummidipundii
7965,493,Tiruporur
7966,493,Chingelpet
7967,494,Avadi
7968,492,Polur
7969,492,Tiruvannamalai
7970,492,Na
7971,492,Vandavasi
7972,492,Chengam
7973,492,Vandavsi
7974,492,Thandrampattu
7975,492,Arani
7976,492,Tiruvannamalai Taluk
7977,492,Cheyyaru
7978,492,Tvmalai
7979,492,Tiruvananamalai
7980,491,Vellore
7981,492,Tiruannvmalai
7982,492,Tiruvnannamalai
7983,492,Tiruvananmalai
7984,492,Vandvasi
7985,492,Chegam
7986,492,Tiruannamalai
7987,492,Tiruvnamalai
7988,492,Tvamalai
7989,492,Tiruvannamaali
7990,492,Tiruvanamalai
7991,491,Vandavasi
7992,491,Arni
7993,492,Vellore
7994,491,Vlr
7995,491,Vlrq
7996,491,Vl
7997,491,Velr
7998,491,Vellore Taluk
7999,497,Coimbatore North
8000,497,Coimbatore South
8001,497,Coimbatore
8002,497,Madhavapuram
8003,497,Avanashi
8004,497,Palladam
8005,497,Coimabtore North
8006,498,Dharmapuri
8007,498,Pappireddipatti
8008,498,Harur
8009,498,Pennagaram
8010,498,Palakkodu
8011,499,Atur
8012,498,Krishnagiri
8013,498,Palacode
8014,498,Na
8015,498,Paupparapatti
8016,498,Pappiredipatti
8017,498,Nallampalli
8018,500,Bhavani
8019,500,Erode
8020,500,Gobichettipalayam
8021,500,Na
8022,500,Perundurai
8023,500,Sathyamangalam
8024,501,Karur
8025,502,Namakkal
8026,502,Erode
8027,497,Erode
8028,501,Erode
8029,503,Na
8030,503,Krishnagiri
8031,503,Hosur
8032,503,Denkanikotta
8033,503,Pochampalli
8034,503,Uttangarai
8035,503,Denkanikottai
8036,503,Barugur
8037,503,Palacode
8038,503,Harur
8039,503,Kaveripattinam
8040,503,Uthangarai
8041,503,Mathur
8042,502,Tiruchengodu
8043,499,Sankari
8044,502,Tiruchengode
8045,502,Rasipuram
8046,502,Paramathi-velur
8047,499,Idappadi
8048,499,Sanakari
8049,502,Paramthi Velur
8050,502,Paramathi Velur
8051,499,Tiruchengodu
8052,502,Paramathivelur
8053,502,Sankari
8054,502,Tirchengodu
8055,502,Paramthivelur
8056,504,Coonoor
8057,504,Gudalur
8058,504,Udhagamandalam
8059,504,Kotagiri
8060,504,Kundah
8061,504,Pandalur
8062,504,Udagamandalam
8063,504,Panthalur
8064,497,Udamalpet
8065,497,Pollachi
8066,497,Udumalaipettai
8067,497,Valparai
8068,497,Udamalpet Ho
8069,497,Udaamalpet
8070,500,Dharapuram
8071,505,Palani
8072,497,Na
8073,499,Attur
8074,499,Salem
8075,499,Gangavalli
8076,499,Valapady
8077,499,Yercaud
8078,499,Vazhapadi
8079,499,Mettur
8080,499,Omalur
8081,499,Edappadi
8082,499,Rasipuram
8083,502,Salem
8084,491,Tirupattur
8085,491,Tirupathur
8086,491,Vaniyambadi
8087,491,Gudiyattam
8088,491,Gudiyatham
8089,497,Tiruppur
8090,500,Kangeyam
8091,497,Mettupalayam
8092,500,Kangayam
8093,500,Sathy
8094,497,Tirupur
8095,497,Mettupalyaam
8096,500,Palladam
8097,500,Dharapram
8098,500,Dharaupram
8099,500,Tirupur
8100,505,Dindigul
8101,505,Na
8102,505,Kodaikanal
8103,505,Vedasandur
8104,505,Nilakkottai
8105,505,Oddanchatram
8106,505,Nilakottai
8107,505,Natham
8108,497,Dindigul
8109,506,Vilavancode
8110,506,Agastheeswaram
8111,506,Kalkulam
8112,506,Thovalai
8113,506,Na
8114,506,Agasteeswaram
8115,506,Thovala
8116,507,Tiruppathur
8117,507,Karaikudi-sakkottai Block
8118,507,Karaikudi
8119,507,Karaikudi-kallal Block
8120,507,Devakottai
8121,507,Tiruppattur
8122,507,Singampunari Block
8123,507,Tiruppattur-singampunariblock
8124,507,Karaikudi-sakkottaiblock
8125,507,Karaikudi -sakkottai Block
8126,507,Tiruppattur-singampunari Block
8127,507,Karaikudi-kallalblock
8128,507,Tiruppattur-
8129,508,Devakottai
8130,507,Karaikudi -kallal Block
8131,507,Karaikkudi
8132,507,Tiruppattur- Kallal Block
8133,507,Tiruppattur-singamounariblock
8134,507,Karaikudi--sakkottai Block
8135,507,Tirppattur-singamounari Block
8136,507,Tiruppattur -singsmpunariblock
8137,509,Otapidaram
8138,510,Virakeralampudur
8139,510,Shenkottai
8140,510,Alangulam
8141,510,Tenkasi
8142,509,Kovilpatti
8143,509,Na
8144,510,Sankarankovil
8145,509,Vilathikulam
8146,510,Sivigiri
8147,510,Sivagiri
8148,510,Sankarankoil
8149,509,Ettayapuram
8150,510,Sengottai
8151,509,Ottapidaram
8152,509,Vilathikulam ( Kol)
8153,509,Sankarankovil
8154,509,Vilathikulam (kol)
8155,509,Tuticorin
8156,510,Virakerlamapudur
8157,510,Ambasamudram
8158,509,Tirunelveli
8159,510,Na
8160,510,Virudhunagar
8161,511,Tirumangalam
8162,511,Thirumangalam
8163,511,Vadipatti
8164,511,Madurai North
8165,511,Madurai South
8166,511,Melur
8167,511,Na
8168,511,Usilampatti
8169,511,Peraiyur
8170,511,Tirumangalam Taluk
8171,508,Kamudhi
8172,508,Ramanathapuram
8173,508,Rameswaram
8174,508,Paramakudi
8175,508,Mudukulathur
8176,508,Tiruvadanai
8177,508,Kadaladi
8178,508,Kamudi
8179,507,Tiruvadanai
8180,508,Kamuthi
8181,508,Na
8182,507,Manamadurai
8183,507,Ilayangudi
8184,507,Sivaganga
8185,507,Tirupattur
8186,507,Tirupathur
8187,507,Tiruppuvanam
8188,512,Periyakulam
8189,512,Theni
8190,512,Andipatti
8191,512,Bodinayakanur
8192,512,Uthamapalayam
8193,512,Peraiyur
8194,512,Aundipatti
8195,510,Radhapuram
8196,510,Nanguneri
8197,510,Tirunelveli
8198,510,Palayamkottai
8199,510,Palayankottai
8200,510,Nenguneri
8201,510,Tirunelvel;i
8202,509,Tiruchendur
8203,509,Sathankulam
8204,509,Thoothukkudi
8205,509,Srivaikuntam
8206,509,Rivaikuntam
8207,509,Satankulam
8208,509,Ottapidaam
8209,513,Sattur
8210,513,Sivakasi
8211,513,Srivilliputtur
8212,513,Aruppukkottai
8213,513,Tiruchuli
8214,513,Kariapatti
8215,513,Aruppukottai
8216,513,Virudhunagar
8217,513,Srivilliputhur
8218,513,Rajapalayam
8219,513,Vriudhunagar
8220,513,Na
8221,496,Virudhachalam
8222,496,Kattumannarkoil
8223,496,Na
8224,496,Panruti
8225,496,Chidambaram
8226,495,Panruti
8227,496,Chidabamram
8228,496,Kattmannarkoil
8229,496,Chidambaram North
8230,496,Kattummannarkoil
8231,496,Kattumanarkoil
8232,496,Kattumannarkioil
8233,514,Kattumannarkoil
8234,501,Aravakurichi
8235,515,Manaparai
8236,501,Kulittalai
8237,515,Manapparai
8238,501,Kulithalai
8239,501,Krishnarayapuram
8240,501,Kirishnarayapuram
8241,516,Illupur
8242,516,Thirumayam
8243,517,Koradacherry
8244,518,Tiruvidamarudur
8245,518,Kumbakonam
8246,517,Kodavasal
8247,519,Kuttalam
8248,518,Thiruvidaimarudur
8249,518,Kuttalam
8250,519,Tirupanandal
8251,518,Tirupanandal
8252,517,Needamangalam
8253,519,Mayiladuthurai
8254,518,Kodavasal
8255,518,Tiruppanandal
8256,517,Tiruvarur
8257,519,Na
8258,518,Valangaiman
8259,517,Kodavasla
8260,518,Tiruvidaimarudur
8261,519,Tiruvarur
8262,517,Valangaiman
8263,519,Sirkali
8264,517,Nannilam
8265,519,Tharangambadi
8266,519,Nannilam
8267,519,Tarangambadi
8268,519,Mayiaduthurai
8269,519,Sirkali Tk
8270,519,Tharangampadi
8271,519,Nagapattinam
8272,520,Neravy Commune Panchayat
8273,517,Tiruturaipundi
8274,519,Kilvelur
8275,520,Karaikal
8276,517,Tiruturipundi
8277,517,Thiruvarur
8278,517,Na
8279,517,Mannarkudi
8280,520,Na
8281,519,Tirukuvalai
8282,520,Thirunallar Commune Panchayat
8283,517,Mannargudi
8284,519,Vedaraniam
8285,519,Tiurkuvalai
8286,520,Kottucherry Commune Panchayat
8287,520,Nedungadu Commune Panchayat
8288,519,Tirukkuvalai
8289,519,Vedaranyam
8290,517,Thiruthuraipoondi
8291,519,Thirukkuvalai
8292,520,Thirumalairayan Pattinam Commune Panchayat
8293,518,Pattukottai
8294,518,Pattukkottai
8295,518,Orattanad
8296,518,Peravurni
8297,518,Peravurani
8298,516,Gandarvakkottai
8299,519,Tiruturaipundi
8300,518,Orathanadu
8301,518,Patukottai
8302,518,Thanjavur
8303,518,Tiruturaipundi
8304,517,Pattukottai
8305,516,Orattanad
8306,519,Vedarniam
8307,516,Alangudi
8308,516,Avudayarkoil
8309,516,Gandarvakottai
8310,516,Pudukkottai
8311,516,Tirumayam
8312,516,Arantangi
8313,516,Avadaiyarkoil
8314,516,Kulathur
8315,516,Aranthangi
8316,516,Iluppur
8317,516,Manamelkudi
8318,516,Aranangi
8319,516,Illuppur
8320,516,Aratangi
8321,516,Na
8322,516,Tirumayaam
8323,516,Annavasal
8324,516,Tirumayaaam
8325,516,Pudukkottai--
8326,516,Gandarvakotai
8327,515,Manachanallur
8328,521,Veppanthattai
8329,515,Musiri
8330,521,Kunnam
8331,515,Turaiyur
8332,515,Thottiam
8333,521,Perambalur
8334,515,Srirangam
8335,515,Thuraiyur
8336,515,Thottiyam
8337,515,Manachanalloor
8338,515,Trichy
8339,515,Lalgudi
8340,521,Turaiyur
8341,517,Nidamangalam
8342,518,Papanasam
8343,517,Valangaman
8344,518,Thiruvaiyaru
8345,518,Valangaman
8346,514,Sendurai
8347,515,Tiruchirappalli
8348,514,Jayamkondacholapuram
8349,514,Lalgudi
8350,514,Udayarpalayam
8351,514,Ariyalur
8352,514,Na
8353,514,Jayamkondcholapuram
8354,521,Ariyalur
8355,515,Ariyalur
8356,515,Na
8357,514,Jayamkondocholapuram
8358,495,Ulundurpettai
8359,496,Vriddhachalam
8360,495,Ulundurpet
8361,495,Tirukkoyilur
8362,495,Kallakurichi
8363,496,Tittagudi
8364,495,Sankarapuram
8365,496,Tittakudi
8366,515,Ulundurpet
8367,495,Sankapuram
8368,495,Na
8369,495,Kallakkurichi
8370,495,Chinnasalem Taluk
8371,522,Na
8372,522,Kiraoli
8373,522,Etmadpur
8374,522,Bah
8375,522,Sadar
8376,522,Agra
8377,522,Kheragarh
8378,522,Keragarh
8379,522,Fatehabad
8380,522,Fatahabad
8381,522,Kheragah
8382,522,Fetehabad
8383,522,Etdmadpur
8384,523,Aligarh
8385,524,Na
8386,523,Na
8387,524,Aligarh
8388,523,Atrauli
8389,525,Na
8390,525,Bulandshahr
8391,525,Siyana
8392,525,Anupshaher
8393,525,Debai
8394,525,Shikarpur
8395,525,Anupshahr
8396,525,Khurja
8397,526,Goutam Budd Nagar
8398,525,Sikarndrabad
8399,526,Sikandrabad
8400,526,Jewer
8401,525,Anoop Shahr
8402,525,Jewer
8403,525,Sikandrabad
8404,526,Sikndrabdad
8405,526,Goutam  Budd  Nagar
8406,525,Anupshhar
8407,526,Jewar
8408,525,Anupshashr
8409,525,Sikarpur
8410,525,Dibai
8411,526,Khurja
8412,525,Goutam  Budd  Nagar
8413,525,Anoup  Shaher
8414,525,Sikandarabad
8415,527,Kasganj
8416,527,Etah
8417,527,Aliganj
8418,527,Na
8419,527,Patiali
8420,527,Jalesar
8421,527,Jaleshar
8422,527,Jalesher
8423,527,Jaleasr
8424,528,Firojabad
8425,527,Jalessar
8426,527,Jalesasr
8427,527,Patiyali
8428,529,Saifai
8429,530,Bidhuna
8430,530,Auraiya
8431,529,Bharthana
8432,529,Etawah
8433,530,Na
8434,529,Chakar Nagar
8435,529,Jaswant Nagar
8436,529,Chakarnagar **
8437,529,Chakarnagar
8438,529,Bharthna
8439,530,Auraiy
8440,531,Jhansi
8441,532,Na
8442,532,Orai
8443,531,Na
8444,532,Konch
8445,532,Madhogarh
8446,532,Jalaun
8447,531,Mauranipur
8448,533,Lalitpur
8449,532,Kalpi
8450,531,Moth
8451,533,Mahroni
8452,531,Garautha
8453,533,Na
8454,531,Jhnsi
8455,533,Talbehat
8456,531,Maruanipur
8457,533,Mehroni
8458,531,Konch
8459,532,Moth
8460,528,Shikohabad
8461,534,Mainpuri
8462,534,Bhongaon
8463,534,Bhgaon
8464,528,Firozabad
8465,528,Jasrana
8466,534,Karahal
8467,534,Bhogaon
8468,534,Na
8469,528,Jasarana
8470,528,Na
8471,534,Karhal
8472,534,Kahal
8473,528,Firozbaad
8474,528,Shjkohabad
8475,535,Mathura
8476,535,Chhata
8477,535,Mant
8478,535,Sadabad
8479,524,Sadabad
8480,536,Na
8481,537,Meja
8482,538,Manjhanpur
8483,538,Sirathu
8484,537,Allahabad
8485,537,Sirathu
8486,537,Akorha
8487,537,Anapur
8488,538,Chail
8489,537,Allahabad **
8490,537,Lalgopal Ganj
8491,537,Handia
8492,537,Karchhana
8493,537,Baraut
8494,537,Koraon
8495,537,Sahson
8496,537,Phulpur
8497,537,Soraon
8498,538,Charwa
8499,537,Ghiyanagar
8500,537,Bara
8501,537,Sikandra
8502,537,Koraon **
8503,537,Atrampur
8504,537,Mau Aima
8505,537,Holagarh
8506,537,Ugrasenpur
8507,537,Hanumanganj
8508,537,Saidabad
8509,537,Phoolpur
8510,537,Janghai Bazar
8511,537,Chail
8512,537,Phaphamau
8513,537,Hanumaganj
8514,537,Jasra
8515,538,Karari
8516,537,Karchana
8517,537,Khain
8518,537,Holgarh
8519,537,Lalgopalganj
8520,537,Mauaima
8521,539,Mohammedabad
8522,539,Zamania
8523,539,Ghazipur
8524,539,Saidpur
8525,539,Jakhania
8526,539,Mohammadabad Yusufpur
8527,539,Mohammadabad
8528,539,Ghazipur Sadar
8529,539,Jakhanian **
8530,539,Zamnia
8531,539,Mohammabad
8532,539,Kakhania
8533,539,M.bad
8534,540,Jaunpur
8535,540,Shahganj
8536,540,Mariahu
8537,540,Badalapur
8538,540,Mariahun
8539,540,Machhali Shahar
8540,540,Kerakat
8541,540,Machhlishahr
8542,540,Machhalishahar
8543,540,Badlapur
8544,540,Na
8545,540,Machali Shahar
8546,540,Machhali Shshar
8547,541,Robertsganj
8548,542,Sadar
8549,542,Chunar
8550,542,Mirzapur Sadar
8551,542,Mirzapur
8552,541,Sonbhadra
8553,541,Mirzapur
8554,541,Mirzapur Sadar
8555,541,Dudhi
8556,541,Sonbhadr
8557,541,Na
8558,542,Na
8559,542,Chuanr
8560,542,Adalhat
8561,541,Sonbhadar
8562,542,Mirzapursadar
8563,541,Sadar
8564,541,Sonbadra
8565,541,Sonbhaddra
8566,541,Sobhadra
8567,542,Mirzpaur
8568,542,Marihan
8569,542,Mirazapur Sadar
8570,541,Mrizapur
8571,542,Adlalhat
8572,542,Lalganj
8573,543,Kunda
8574,543,Raniganj
8575,543,Pratapgarh
8576,543,Lalganj
8577,543,Patti
8578,543,Sadar
8579,543,Lalgang
8580,543,Lalaganj
8581,543,Na
8582,543,Kudna
8583,543,Ranigaj
8584,544,Varanasi
8585,545,Chandauli
8586,545,Chakia
8587,545,Sakaldhia
8588,545,Sakaldiha
8589,544,Na
8590,544,Sakaldiha
8591,544,Chakia
8592,545,Na
8593,545,Chanduali
8594,546,Gyanpur
8595,546,Bhadohi
8596,544,Pindra
8597,544,Pindra **
8598,546,S.r.nagar
8599,544,Vanranasi
8600,544,Gyanpur
8601,547,Pooranpur
8602,548,Nawabganj
8603,548,Bareilly
8604,547,Bisalpur
8605,548,Aonla
8606,547,Amaria
8607,547,Barkhera
8608,548,Faridpur
8609,548,Baheri
8610,547,Pilibhit
8611,548,Meerganj
8612,547,Puranpur
8613,548,Bareilly I
8614,548,Bhamora
8615,548,Fridpur
8616,548,Bareilly Ho
8617,548,Nawab Ganj
8618,549,Nagina
8619,549,Bijnor
8620,549,Chandpur
8621,549,Najibabad
8622,549,Dhampur
8623,550,Najibabad
8624,549,Naijibabad
8625,549,Na
8626,551,Budaun
8627,551,Dataganj
8628,551,Sahaswan
8629,551,Bisauli
8630,551,Bilsi
8631,551,Gunnaur
8632,551,Busauli
8633,551,Datganj
8634,551,Bisuali
8635,551,Na
8636,551,Gunnour
8637,551,Bilsi **
8638,551,Guoour
8639,551,Buduan
8640,551,Bisli
8641,551,Dataganj`
8642,551,Datagnj
8643,552,Sawayajpur
8644,552,Hardoi
8645,552,Harodi
8646,552,Sandila
8647,552,Bilgram
8648,552,Na
8649,552,Mallawan
8650,552,Shahabad
8651,553,Mohammdi
8652,553,Dhaurahara
8653,553,Nighasan
8654,553,Lakhimpur
8655,553,Gola
8656,553,Palia
8657,553,Gola Gokaran Nath
8658,553,Pallia
8659,553,Mohammadi
8660,554,Mawana
8661,554,Meerut
8662,555,Baraut
8663,555,Baghpat
8664,554,Sardhana
8665,555,Meerut
8666,555,Baraut **
8667,554,Na
8668,555,Na
8669,555,Khekada
8670,555,Baruat
8671,554,Kithore
8672,556,Moradabad
8673,557,Hasanpur
8674,556,Chandausi
8675,558,Rampur
8676,558,Bilasour
8677,557,Dhanaura
8678,557,Kanth
8679,556,Sambhal
8680,556,Bilari
8681,556,Thakurdwara
8682,557,Amroha
8683,557,Sambhl
8684,558,Bilaspur
8685,558,Milak
8686,556,Thakuedwara
8687,556,Na
8688,558,Shahabad
8689,558,Suar
8690,557,Na
8691,556,Balari
8692,558,Kilak
8693,558,Builaspur
8694,556,Moradabad Thehsil
8695,556,Thakaurdwara
8696,559,Muzaffarnagar
8697,559,Budhna
8698,559,Jansath
8699,559,Kairana
8700,559,Shamli
8701,559,Budhana
8702,559,Muzafarnagar
8703,559,Mzn
8704,559,Shamli **
8705,559,Muzaffarnagarmuzaffarnagar
8706,560,Rampur
8707,560,Nakur
8708,560,Sarsawa
8709,560,Deoband
8710,560,Nanauta
8711,560,M.bad
8712,560,Muzaffarabad
8713,560,Nagal
8714,560,Saharanpur H.o.
8715,560,S.qudeem
8716,560,Muzaffrabad
8717,560,Saharanpur
8718,560,Gangoh
8719,560,Behat
8720,550,M.bad
8721,550,Muzaffrabad
8722,560,Punwarka
8723,560,Muzaffrabad`
8724,560,Saharnpur
8725,560,Na
8726,561,Shahjahanpur
8727,561,Powayan
8728,561,Tilhar
8729,561,Jalalabad
8730,561,Sadar
8731,536,Burhanpur
8732,562,Maunath Bhanjan
8733,562,Ghosi
8734,536,Budanpur
8735,536,Phoolpur
8736,562,Sadar
8737,536,Mehnagar
8738,536,Sagari
8739,536,Sadar
8740,562,Mohammadabad Gohana
8741,536,Lalganj
8742,536,Budan Pur
8743,536,Phulpur
8744,536,Nizamabad
8745,536,Azamgarh
8746,536,Nizamabad **
8747,562,Madhuban
8748,536,Phool Pur
8749,536,Lal Ganj
8750,562,Mohamda Bad Gohana
8751,562,M.b. Gohna
8752,536,Meh Nagar
8753,536,Nijamabad
8754,536,Sagri
8755,536,Phool Pur.
8756,562,Madhu Ban
8757,536,Mehnagar **
8758,536,Nizamzbad
8759,536,Nizama Bad
8760,562,Mohd. Gohana
8761,562,Mohammada Bad Gohana
8762,562,Sadar Mau
8763,562,Mohammmadabad
8764,562,Mohammdabad Gohana
8765,562,M.b. Gohana
8766,536,Jahana Ganj
8767,562,M.b.gohana
8768,562,Mohammadabad Gohan
8769,562,Muhammadabad Gohana
8770,536,Budhan Pur
8771,562,Mau
8772,536,Godhan Pur
8773,562,Mohammadabad
8774,562,Badrav
8775,562,Madhuban **
8776,536,Ghosi
8777,536,Phul Pur
8778,536,Phuool Pur
8779,562,Mohammada Bad
8780,562,Md. Gohana
8781,562,Ghoshi
8782,562,Na
8783,562,Maduban
8784,563,Bhinga
8785,564,Kaiserganj
8786,564,Bahraich
8787,564,Nanpara
8788,564,Na
8789,564,Kaisarganj
8790,564,Mahasi
8791,563,Ikauna
8792,564,Mahasi Tahsil
8793,563,Payagpur
8794,564,Mahasi **
8795,563,Payagpur **
8796,564,Mahsi
8797,564,Ikauna
8798,563,Na
8799,563,Ikauna **
8800,565,Bairia
8801,565,Ballia
8802,565,Bilthara Road
8803,565,Rasra
8804,565,Bansdih
8805,565,Sikandarpur
8806,565,Bithara Road
8807,565,Bilthra Road
8808,565,Sikandar Pur
8809,565,Sikanderpur
8810,565,Na
8811,565,Bilthra Rioad
8812,565,Sikandarour
8813,565,Basllia
8814,565,Bilthararoad
8815,565,Blthra Road
8816,565,Belthra Road
8817,565,Siaknderpur
8818,565,Bilthjara Road
8819,566,Menhdawal
8820,567,Na
8821,566,Naugarh
8822,568,Harraiya
8823,566,Bansi
8824,568,Bhanpur
8825,568,Basti
8826,566,Shohratgarh
8827,567,Khalilabad
8828,567,Dhanghata
8829,567,Basti Sadar
8830,566,Itwa
8831,567,Menhdawal
8832,568,Rudhauli
8833,568,Bhanpur (sonha)
8834,568,Basti Sadar
8835,566,Domariaganj
8836,568,Basti East
8837,568,Bhanpur Babu
8838,568,Bansi
8839,568,Bhanpur Baboo
8840,568,Na
8841,566,Na
8842,566,Domagariaganj
8843,568,Harraina
8844,568,Harrraiya
8845,566,Bhanpur
8846,566,Bhanpur)sonha)
8847,566,Shoharatgarh
8848,569,Salempur
8849,569,Bhatpar Rani **
8850,570,Tamkuhi
8851,570,Hata
8852,570,Tamkuhi Raj
8853,569,Na
8854,569,Barhaj **
8855,570,Na
8856,569,Bhatpar Rani
8857,569,Deoria Sadar
8858,570,Padrauna
8859,569,Rudrapur
8860,569,Deoria
8861,569,Bhatpsar Rani
8862,569,Barhaj
8863,570,Kasia
8864,570,Padaruna
8865,569,Bhatparrani
8866,570,Tamkohi
8867,571,Tarabganj
8868,571,Gonda
8869,572,Tulsipur
8870,571,Colonelganj
8871,571,Mankapur
8872,572,Utraula
8873,571,Balrampur
8874,571,Cononel Ganj
8875,571,Na
8876,572,Balrampur
8877,571,Tarbganj
8878,572,Na
8879,571,Tarabganjj
8880,571,Tarabfanj
8881,571,Manakpur
8882,571,Tulsipur
8883,572,Tuslipur
8884,571,Tarabganu
8885,571,Taranganj
8886,571,Manapur
8887,571,Tarabganij
8888,572,Tulsipuir
8889,571,Tarab Ganj
8890,573,Na
8891,574,Nautanawa
8892,573,Khajani
8893,573,Gorakhpur
8894,573,Sadar
8895,574,Farenda
8896,574,Pharenda
8897,574,Nichlaul
8898,573,Gola
8899,573,Khajni
8900,574,Mahrajganj
8901,573,Chauri Chaura
8902,573,Basgaon
8903,573,Sader
8904,573,Campierganj
8905,574,Mahrajgang
8906,573,Bansgaon
8907,574,Nautanwa
8908,574,Nochlaul
8909,574,Na
8910,573,Gorakhpur Sadar
8911,573,Bhowapar
8912,573,Sahajanwa
8913,574,Marajganj Sadar
8914,573,Shajnwa
8915,574,Fharenda
8916,574,Mahrajganj.
8917,573,Maharajganj
8918,573,Gola Bazar
8919,573,Camperganj
8920,573,Sahjanwa
8921,574,Nidhlaul
8922,574,Maharaj Ganj Sadar
8923,574,Maharajang
8924,574,Maharajganj
8925,573,Basgaob
8926,574,Maharajgang
8927,574,Chauri Chaura
8928,574,Maharaganj
8929,574,Nachulwa
8930,574,Maharganj
8931,574,Maharajganj Sadar
8932,574,Nichaulal
8933,574,Campeirganj
8934,574,Marajganj
8935,574,Mahraganj
8936,574,Maharjang
8937,574,Sadar
8938,573,Sajhanwa
8939,573,Nichlaulal
8940,575,Banda
8941,576,Banda
8942,577,Na
8943,577,Hamirpur
8944,578,Hamirpur
8945,575,Na
8946,578,Na
8947,576,Na
8948,579,Kannauj
8949,580,Farrukhabad
8950,580,Na
8951,581,Fatehpur
8952,582,Csa
8953,582,Amour
8954,582,Anand Nagar
8955,582,Anwarganj
8956,582,Aranjhami
8957,582,Armapur
8958,582,Kalpi Road
8959,582,Arya Nagar
8960,582,Avas Vikas Yojna No. 3
8961,582,Shanti Nagar
8962,582,Baikunthpur
8963,582,Bairi Gaon
8964,582,Baraigarh
8965,582,Barra
8966,582,Chauraha
8967,582,Bausar
8968,582,Behta Gambhirpur
8969,582,Bhadrsa
8970,582,Bhairampur
8971,582,Bharu
8972,582,Bhauti Pratappur
8973,582,Bheoli
8974,582,Bhimsen
8975,582,Bidhnoo
8976,582,Vikas Nagar
8977,582,Binour
8978,582,Birhana Road
8979,582,Bisayakpur
8980,582,Bithoor
8981,582,Harjinder Nagar
8982,582,Chakeri
8983,582,Chakarpur
8984,582,Chaurai
8985,582,Chhatarpur
8986,582,Cod
8987,582,Colonelganj
8988,582,Cotton Mill
8989,582,Fazalganj
8990,582,Dehli Ujagar
8991,582,Deosarh
8992,582,Nayaganj
8993,582,G T Road
8994,582,Gwaltoli
8995,582,Fahimabad
8996,582,Farrashkhana
8997,582,Fatehpur Roshnai
8998,582,Rama Devi Chauraha
8999,582,Gayatri Seedh Peeth Khadeshar
9000,582,Gazipur
9001,582,Gopalpur
9002,582,Govind Nagar
9003,582,Medical College
9004,582,Hal Colony
9005,582,Harchand Khera
9006,582,Hardauli
9007,582,Hithgaon
9008,582,Hatia
9009,582,Kesa Colony
9010,582,Lajpat Nagar
9011,582,Kalyanpur
9012,582,Indira Nagar
9013,582,Vijay Nagar
9014,582,Itra
9015,582,Jajmau
9016,582,Jamu
9017,582,Jarkala
9018,582,Jawahar Nagar
9019,582,Jugrajpur
9020,582,Juhi
9021,582,Nai Sarak
9022,582,K P University
9023,582,Kadari Champatpur
9024,582,Kaindha
9025,582,Kamlapur
9026,582,Cantt.
9027,582,Kanpur Court
9028,582,Bara Chauraha
9029,582,Stock Exchange
9030,582,Karbigawan
9031,582,Kasigaon
9032,582,Kathara
9033,582,Katherua
9034,582,Kathongar
9035,582,Kaushalpuri
9036,582,Kanpur
9037,582,Khapra Mohal
9038,582,Kheora
9039,582,Kidwai Nagar
9040,582,Lal Bangla
9041,582,Kudani
9042,582,Kulgaon
9043,582,Maharajpur
9044,582,Mahauli
9045,582,Mahua Gaon
9046,582,Majhawan
9047,582,Mandhana
9048,582,Mardanpur
9049,582,Meerpur
9050,582,Motijheel
9051,582,Munshipurwa
9052,582,Naubasta
9053,582,Kanpur Cantt.
9054,582,Naramau
9055,582,The Mall
9056,582,Narwal
9057,582,Nasra
9058,582,Kanpur Nagar
9059,582,Parade
9060,582,Naveen Nagar
9061,582,Nawabganj
9062,582,New Pac Lines
9063,582,Nirala Nagar
9064,582,Nsi Campus
9065,582,Oef Factory
9066,582,Pachor
9067,582,Palhepur
9068,582,Palibhogipur
9069,582,Ganga Ganj
9070,582,Panki
9071,582,Parasadepur
9072,582,Parsauli
9073,582,Pem
9074,582,Filkhana
9075,582,Phuphuwar
9076,582,Pipergaon
9077,582,Prempur Badagaon
9078,582,Purana Kanpur
9079,582,Purwameer
9080,582,R K Nagar
9081,582,Railganj
9082,582,Raipur Kukhat
9083,582,Ramaipur
9084,582,Ashok Nagar
9085,582,Rania
9086,582,Rasulpur Umra
9087,582,Ratan Lal Nagar
9088,582,Rawatpur Gaon
9089,582,Rbi Colony
9090,582,Rooma
9091,582,Sachendi
9092,582,Kakadeo
9093,582,Salempur
9094,582,Sanigawan
9095,582,Sapai
9096,582,Sarh
9097,582,Sarsaul
9098,582,Sarvodaya Nagar
9099,582,Swaijpur
9100,582,Semarjhal
9101,582,Senpara Paschim
9102,582,Shivaji Nagar
9103,582,Shyam Nagar
9104,582,Sirhi Itra
9105,582,Premnagar
9106,582,Subhauli
9107,582,Swarup Nagar
9108,582,Transport Nagar
9109,582,Tatyaganj
9110,582,Taudhakpur
9111,582,Tikra
9112,582,Tilsahari
9113,582,Udaipur
9114,582,Dada Nagar
9115,582,Vijai Nagar
9116,582,Yashoda Nagar
9117,583,Unnaao
9118,584,Bilhaur
9119,584,Kanpur
9120,583,Unnao
9121,584,Jhinjhak
9122,584,Pukhraayan
9123,584,Ghatampur
9124,584,Akbarpur
9125,584,Kanpur Dehat
9126,584,Sheoli
9127,584,Knpur Dehat
9128,584,Sikandra
9129,584,Rasulabad
9130,583,Uunao
9131,583,Safipur
9132,584,Kanpur Dehta
9133,583,Purwa
9134,584,Rura
9135,584,Shivrajpur
9136,584,Pukhrayan
9137,583,Bihar
9138,584,Amraudha
9139,584,Uttaripura
9140,584,Kanpur  Dehat
9141,584,Kanpu Dehat
9142,584,Chaubepur
9143,582,Ghatampur
9144,583,Safuipur
9145,583,Akbapur
9146,583,Unna
9147,584,Kanpur Dheat
9148,584,Na
9149,583,Sfipur
9150,585,Ramnagar
9151,585,Sirauli Gauspur
9152,585,Nawabganj
9153,585,Ram Sanehi Ghat
9154,585,Haider Garh
9155,585,Fateh Pur
9156,585,Nawab Ganj
9157,585,Fatehpur
9158,585,Haidergarh
9159,585,Ramsanehighat
9160,585,Na
9161,585,Siraul Gauspur
9162,585,Ram Sanehi Gaht
9163,585,Sirauli Gauspur**
9164,585,Siraul Gaus Pur
9165,585,Sirauli Gaus Pur
9166,586,Na
9167,586,Faizabad
9168,587,Alapur
9169,587,Akbarpur
9170,586,Bikapur
9171,587,Allapur **
9172,586,Milkipur
9173,587,Akbarur
9174,587,Jalalpur
9175,585,Rudauli
9176,587,Tanda
9177,586,Sohawal
9178,587,Akberpur
9179,587,Akabarpur
9180,586,Milkipur **
9181,587,Allapur
9182,586,Rudauli
9183,586,Bikapaur
9184,587,Na
9185,586,Sohawal **
9186,586,Rudaui
9187,586,Milkpur
9188,586,Motinagar
9189,588,Ghaziabad
9190,588,Hapur
9191,526,Achheja
9192,526,Noida
9193,526,Dadri
9194,588,Ator Nagla
9195,588,Aurangabad Ristal
9196,588,Modinagar
9197,588,Loni
9198,588,Bhup Kheri
9199,588,Garhmukteshwer
9200,526,Bisara
9201,526,Bishrakh
9202,588,Chhprola
9203,588,Chhpyana
9204,588,Simbhaoli
9205,588,Dhaulana
9206,526,Dhoom
9207,526,G B Nagar
9208,588,Ingram Institute
9209,588,Khanjarpur
9210,588,Khiluai
9211,526,Gautam Budh Nagar
9212,526,Maicha
9213,588,Morta
9214,588,Murad Nagar
9215,588,Nistoli
9216,588,Noida
9217,588,Pasonda
9218,526,Piyaoli
9219,588,Roza Yakubpur
9220,526,Salarpur Kalan
9221,588,Shahpur Bamheta
9222,588,Na
9223,526,A.g.nioda
9224,589,Lucknow
9225,589,Mohanlalganj
9226,589,Bakshi Ka Ta
9227,589,Na
9228,589,Malihabad
9229,589,Bakshi Ka Talab
9230,590,Rae Bareli
9231,590,Mrg
9232,590,Tiloi
9233,590,Lalganj
9234,590,Unchahar **
9235,590,Salon
9236,590,Dalmau
9237,590,Maharajganj
9238,590,Unchahar
9239,590,Mahrajganj
9240,590,Rbl
9241,590,Raebareli
9242,590,Raebarely
9243,590,Na
9244,590,Salo N
9245,591,Sitapur
9246,591,Biswan
9247,591,Sidhauli
9248,591,Mishrikh
9249,591,Laharpur
9250,591,Mahmoodabad
9251,591,Misrikh
9252,591,Mahmudabad
9253,591,Sidhali
9254,591,Sitpaur
9255,591,Laharp[ur
9256,591,Laharur
9257,592,Sultanpur Sadar
9258,592,Gauriganj
9259,592,Musafirkhana
9260,592,Amethi
9261,592,Sultanpur
9262,592,Kadipur
9263,592,Lambhua
9264,592,Musafirkna
9265,592,Kadipiur
9266,592,Sulatnpur
9267,592,Gauraiganj
9268,592,Fikhana
9269,593,Ranikhet
9270,593,Bhikiyasen
9271,593,Almora
9272,593,Salt
9273,594,Bageshwar
9274,593,Bhanoli
9275,594,Garur
9276,593,Jainti
9277,593,Dwarahat
9278,594,Kapkote
9279,593,Someshwar
9280,593,Chaukhutia
9281,594,Kanda
9282,593,Dawarahat
9283,594,Someshwar
9284,593,Dawaraht
9285,594,Almora
9286,593,Garur
9287,593,Na
9288,593,Almora.
9289,595,Gairsain
9290,596,Rudraprayag
9291,595,Pokhari
9292,596,Okhimath
9293,596,Jakholi
9294,595,Tharali
9295,595,Chamoli
9296,595,Joshimath
9297,595,Karanprayag
9298,595,Ghat
9299,596,Okhimatn
9300,595,Rudraprayag
9301,595,Na
9302,595,Karnprayag
9303,596,Jalholi
9304,596,Rudraprayg
9305,595,Gairain
9306,595,Gaisain
9307,596,Ohimath
9308,596,Karanprayag
9309,596,Na
9310,550,Hardwar
9311,550,Roorkee
9312,597,Dehradun
9313,597,Vikasnagar
9314,597,Deharadun
9315,597,Na
9316,597,Tuini
9317,550,Haridwar
9318,597,Chakrata
9319,597,Rishikesh
9320,550,Laksar
9321,597,Dehardun
9322,597,Rishieksh
9323,597,Vikasnagar **
9324,597,Dehraudun
9325,560,Roorkee
9326,597,Cahrata
9327,597,Viakasnagar
9328,598,Kichha
9329,599,Dhari
9330,599,Nainital
9331,598,Kashipur
9332,599,Haldwani
9333,599,Ramnagar
9334,599,Kaladhungi
9335,600,Champawat
9336,598,Bazpur
9337,598,Jaspur
9338,598,Sittaganj
9339,598,Khatima
9340,599,Kosya Kutauli
9341,593,Bhikia Sain
9342,598,Sittarganj
9343,598,Sitarganj
9344,599,Lalkuwan
9345,600,Tanakpur
9346,599,Na
9347,598,Gadarpur
9348,599,Kushya Kutali
9349,599,Betalghat
9350,598,Kshipur
9351,599,Kushya Kuali
9352,599,Koshya Kutali
9353,599,Bhimtal
9354,598,Ramnagar
9355,599,Betal Ghat
9356,599,Ramanagar
9357,601,Lansdowne
9358,601,Dhumakot
9359,601,Pauri
9360,601,Thalisain
9361,601,Kotdwara
9362,601,Dhoomakot
9363,601,Thali Sain
9364,601,Kotdwra
9365,601,Srinagar
9366,601,Srinagar **
9367,600,Lohaghat
9368,602,Didihat
9369,602,Gangolihat
9370,602,Pithoragarh
9371,602,Dharchula
9372,602,Berinag
9373,602,Munsiari
9374,602,Pithoraharh
9375,602,Na
9376,603,Narendra Nagar
9377,603,Ghansali
9378,603,Tehri
9379,603,Deoprayag
9380,603,Gajja
9381,603,Jakhnidhar
9382,604,Purola
9383,603,Narendranagar
9384,604,Dunda
9385,603,Kirtinagar
9386,604,Burkot
9387,603,Dhanolti
9388,604,Uttarkashi
9389,603,Devprayag
9390,604,Rajgarhi
9391,603,Pratapnagar
9392,604,Bhatwari
9393,603,Ghanslai
9394,604,Puraula
9395,603,Kirtinagr
9396,603,Na
9397,603,Narendernagar
9398,603,Burkot
9399,604,Uttrkashi
9400,603,Jakhnidharr
9401,603,Narender Nagar
9402,604,Uttarkasshi
9403,603,Pratapngar
9404,603,Dhaolti
9405,603,Pratap Nagar
9406,603,Nrendra Nagar
9407,603,Tehyri
9408,603,Narendra Nagr
9409,603,Partapnagar
9410,603,Dhanoulti
9411,603,Ghansali **
9412,603,Their
9413,603,Dunda
9414,605,Kolkata
9415,606,Kuliadanga
9416,606,Amdanga
9417,606,Adampur
9418,606,Adhata
9419,606,Adhikashimpur
9420,606,Habra - I
9421,606,Ajijnagar
9422,606,Akaipur
9423,606,Akandakeshari
9424,606,Amandikandi
9425,606,Amberia
9426,606,Ambikapur
9427,606,Amdobe
9428,606,Amodpur
9429,606,Amta
9430,606,Amudia
9431,606,Baduria
9432,606,Angrail
9433,606,Basirhat - Ii
9434,606,Asharu
9435,606,Habra - Ii
9436,606,Atapur
9437,606,Atghara
9438,606,Atpukur
9439,606,Aturia
9440,606,Basirhat - I
9441,606,Barasat - I
9442,606,Bagangram
9443,606,Bagdah
9444,606,Bagu
9445,606,Bhangatushkhali
9446,606,Baidyapur
9447,606,Baikara
9448,606,Bairampur
9449,606,Bajitpur
9450,606,Bakra Dabar
9451,606,Baksha
9452,606,Baliadanga
9453,606,Balisha Chowmatha
9454,606,Ballavpur
9455,606,Balti
9456,606,Bamangachi
9457,606,Bamanibad
9458,606,Bamanpukur
9459,606,Baneswarpur
9460,606,Bongaon
9461,606,Bangaon
9462,606,Banglani
9463,606,Bankra
9464,606,Banshtala
9465,606,Barabankra
9466,606,Barghorai
9467,606,Barrackpore Sripalli
9468,606,Barunhat
9469,606,Beara
9470,606,Mohanpur
9471,606,Begumpur
9472,606,Deganga
9473,606,Belpur
9474,606,Belta
9475,606,Bena
9476,606,Beraberi
9477,606,Berabari
9478,606,Bergoom
9479,606,Bermajur
9480,606,Bhabanipur
9481,606,Bhaduria
9482,606,Bhagyamantapur
9483,606,Bhanderkhali
9484,606,Bhanderkhola
9485,606,Bharatpur
9486,606,Bhasila
9487,606,Bhawanipur
9488,606,Basirhat
9489,606,Bhurkunda
9490,606,Bira
9491,606,Biramnagar
9492,606,Bishpur
9493,606,Bithari
9494,606,Boaldah
9495,606,Bodai
9496,606,Bohara
9497,606,Bowthakurani
9498,606,Boyermari
9499,606,Boyra
9500,606,Buruj
9501,606,Chaigharia
9502,606,Chaita
9503,606,Chaital
9504,606,Chakla
9505,606,Chakpatli
9506,606,Chandpara
9507,606,Hingalganj
9508,606,Chandipur
9509,606,Rajarhat
9510,606,Chjandpur
9511,606,Chandpur
9512,606,Charghat
9513,606,Chekati
9514,606,Chhoto Jagulia
9515,606,Chikanpara
9516,606,Chimta Kachari
9517,606,Chorashi
9518,606,Choto Sahebkhali
9519,606,Choto Sehara
9520,606,Chowberia
9521,606,Chowhata
9522,606,Ramchandra Pur
9523,606,Colony Simulia
9524,606,Akratola
9525,606,Bagundi
9526,606,Bhebia
9527,606,Chatra
9528,606,Sandeshkhali - I
9529,606,Sandeshkhali - Ii
9530,606,Panchpota
9531,606,Dandirhat
9532,606,Dariapur
9533,606,Deara
9534,606,Debalaya
9535,606,Deuli
9536,606,Gaighata
9537,606,Dhaltita
9538,606,Dhanyakuria
9539,606,Dharamberia
9540,606,Dharampukuria
9541,606,Dharampur
9542,606,Dheknamari
9543,606,Dhuchnikhali
9544,606,Dhutradaha
9545,606,Digha
9546,606,Dighari
9547,606,Dogachia
9548,606,Monmohanpur
9549,606,Dulduli Mathbari
9550,606,Duma
9551,606,Durgamandop
9552,606,Duttapara
9553,606,Dwarikjungle
9554,606,East Bishnupur
9555,606,Barasat - Ii
9556,606,Eojnagar
9557,606,Fultala
9558,606,Gadpukuria
9559,606,Gandharbapur
9560,606,Ganrapota
9561,606,Ganti
9562,606,Garakupi
9563,606,Gazipur
9564,606,Ghatbour
9565,606,Ghatihara
9566,606,Ghatpatila
9567,606,Ghona
9568,606,Ghoni
9569,606,Ghonza
9570,606,Ghosalbati
9571,606,Ghoshpara
9572,606,Ghoshpur
9573,606,Goalbathan
9574,606,Goaldaha
9575,606,Gobardanga
9576,606,Gobardhanpur
9577,606,Gobila
9578,606,Gobindapur
9579,606,Gobrapur
9580,606,Gokna
9581,606,Gokulpur
9582,606,Gopalnagar
9583,606,Gopalpur
9584,606,Goribpur
9585,606,Gotra
9586,606,Gotri
9587,606,Guma
9588,606,Hakimpur
9589,606,Haroa
9590,606,Rampur
9591,606,Hasnabad
9592,606,Hatgachha
9593,606,Hatisala
9594,606,Hatkurulia
9595,606,H Colony
9596,606,Hemnagar
9597,606,Hingli
9598,606,Hishabi
9599,606,Ichapurabad
9600,606,Iswarigacha
9601,606,Itinda
9602,606,Jadurhati
9603,606,Jagadishpur
9604,606,Jagannathpur
9605,606,Jaleswar
9606,606,Janaphul
9607,606,Jangalpur
9608,606,Jasaikati
9609,606,Jeoldanga
9610,606,Jhawdanga
9611,606,Jhikra
9612,606,Jhopkhali
9613,606,Jogeshganj
9614,606,Joygopalpur
9615,606,Joygram
9616,606,Joypul
9617,606,Kachdaha
9618,606,Kachua
9619,606,Kachua Swarupnagar
9620,606,Kadambagachi
9621,606,Kadampukur
9622,606,Kahankia
9623,606,Kaijuri
9624,606,Kaipukuria
9625,606,Kaliani
9626,606,Kalinagar
9627,606,Kalitala
9628,606,Kalupur
9629,606,Kamdevkati
9630,606,Kamdevpur
9631,606,Kamduni
9632,606,Kanmari
9633,606,Kantabagan
9634,606,Kapileswarpur
9635,606,Karanga
9636,606,Karnolkora
9637,606,Kashinathpur
9638,606,Kathur
9639,606,Katiahat
9640,606,Khalisadi
9641,606,Khalitpur
9642,606,Kharampur
9643,606,Kharihatabad
9644,606,Kharua Rajapur
9645,606,Kharupala
9646,606,Khasbalanda
9647,606,Khilkapur
9648,606,Kholapota
9649,606,Khulna
9650,606,Kirtipur`
9651,606,Barrackpur - Ii
9652,606,Koniara
9653,606,Korakati
9654,606,Kothabari
9655,606,Krishnachandapur
9656,606,Kulia
9657,606,Kumarkhola
9658,606,Kumarzole
9659,606,Kumra
9660,606,Labukhali
9661,606,Laxmipul
9662,606,Machibhanga
9663,606,Madanpur Krishnapur
9664,606,Madhavkathi
9665,606,Swarupnagar
9666,606,Madiahat
9667,606,Bagda
9668,606,Makhalgacha
9669,606,Malancha
9670,606,Malekangumti
9671,606,Malidah
9672,606,Malikagherai
9673,606,Malikapur
9674,606,Mambhagina
9675,606,Manikkathi
9676,606,Mandra
9677,606,Mashyampur
9678,606,Maslishpur
9679,606,Masunda
9680,606,Mathbariabad
9681,606,Matia
9682,606,Matiaghata
9683,606,Merudandi
9684,606,Minakhan
9685,606,Mirhati
9686,606,Mominpur
9687,606,Mudiahat
9688,606,Murarisah
9689,606,Naahata
9690,606,Nakpul
9691,606,Nakpul Kuchlia
9692,606,Naksha
9693,606,Nalkora
9694,606,Nataberia
9695,606,Natagram
9696,606,Naya Basti
9697,606,Nazat
9698,606,Nehalpur
9699,606,Nimdaria
9700,606,Nimichi
9701,606,Nityaberia
9702,606,Nityananda Kati
9703,606,Noapara Madhavpur
9704,606,Noapara
9705,606,Nurpur
9706,607,Bhangar - Ii
9707,606,Paikparahat
9708,606,Palla
9709,606,Panchberia
9710,606,Panchita
9711,606,Panitar
9712,606,Parghumti
9713,606,Parpatna
9714,606,Paschim Madhyampur
9715,606,Paschim Malikberia
9716,606,Paschim Palta
9717,606,Patharghata
9718,606,Pathghoria
9719,606,Pathsimulia
9720,606,Petrapole
9721,606,Phazilpur
9722,606,Pifa
9723,606,Pithapukuria
9724,606,Prithiba
9725,606,Punra
9726,606,Purandarpur
9727,606,Purantan Bongaon
9728,606,Purba  Khejurberia
9729,606,Purba Sankardaha
9730,606,Putia
9731,606,Raghunathpur
9732,606,Raikhan
9733,606,Bishnupur
9734,606,Rajballapur
9735,606,Rajendrapur
9736,606,Rajibpur
9737,606,Ramchandrapur Khaspur
9738,606,Rameswarpur
9739,606,Ramnagar
9740,606,Ramnathpur
9741,606,Rampur Bhatpara
9742,606,Ramshankarpur
9743,606,Ranihati
9744,606,Rohanda
9745,606,Rowtara
9746,606,Rupmari
9747,606,Sabdalpur
9748,606,Sadhanpur Uludanga
9749,606,Safirabad
9750,606,Saguna
9751,606,Sahebkhali
9752,606,Sakdah Jadapur
9753,606,Salua
9754,606,Samsernagar
9755,606,Samudrapur
9756,606,Sandelerbill
9757,606,Sandeshkhali
9758,606,Sangrampur
9759,606,Sanrapul
9760,606,Sashan
9761,606,Sasadanga
9762,606,Satashi
9763,606,Satberi
9764,606,Satbhaya
9765,606,Sayestanagar
9766,606,Secondranagar
9767,606,Sendanga
9768,606,Sethpur
9769,606,Shyamnagar
9770,606,Sibhati
9771,606,Sikharpur
9772,606,Simulia
9773,606,Simulia Durgapur
9774,606,Simulia Kalibari
9775,606,Simulpur
9776,606,Sindrani
9777,606,Sitalia
9778,606,Sodarpur-behala
9779,606,Sohaikumarpur
9780,606,Soladanga
9781,606,Sonakenia
9782,606,Sonekpur
9783,606,Charalkhali
9784,606,Sridharkati
9785,606,Srikrishnapur
9786,606,Srinagar
9787,606,Sukdwani
9788,606,Durgapur
9789,606,Sulkaniabad
9790,606,Sundarpur
9791,606,Suria
9792,606,Sutia
9793,606,Akimamudpur
9794,606,Takipur
9795,606,Talsa
9796,606,Tangra
9797,606,Taragunia
9798,606,Taranipur
9799,606,Tetulbaria
9800,606,Thoara
9801,606,Tushkhali
9802,606,Uchildah
9803,606,Uludanga
9804,607,Urttar Kashipur
9805,606,Zafarpur
9806,606,Zirakpur
9807,608,Birbhum
9808,608,Na
9809,608,Murarai - I
9810,608,Nanoor
9811,608,Nalhati - I
9812,608,Bolpur Sriniketan
9813,608,Rampurhat - I
9814,608,Suri - I
9815,608,Dubrajpur
9816,608,Mayureswar - I
9817,608,Suri - Ii
9818,608,Sainthia
9819,608,Rajnagar
9820,608,Labpur
9821,605,Na
9822,605,A. C Lane
9823,606,D B Nagr
9824,606,Deshbandhunagar
9825,606,Jessore Road
9826,607,Bediadanga
9827,605,Beleghata
9828,605,Kankurgachi
9829,606,Saltlake
9830,606,Sakltlake
9831,606,D B Nagar
9832,607,Dhapa
9833,605,Circus Avenue
9834,606,24 Pgs North
9835,606,Dum Dum Park
9836,606,North 24 Pgs
9837,605,North 24 Pgs
9838,606,Na
9839,605,Narkeldanga
9840,606,New Town
9841,606,Dhapa
9842,605,Park Circus
9843,605,Parsibagan
9844,606,Patipukur
9845,605,Phulbagan
9846,607,Picnic Garden
9847,606,Saltklake
9848,605,Amherst Street
9849,605,Sankaritola
9850,605,Sealdah
9851,606,Sreebhumi
9852,605,Taltala
9853,607,Tiljala
9854,607,Topsia
9855,607,Vip Nagar
9856,609,Murshidabad
9857,609,Nawda
9858,609,Na
9859,609,Beldanga - Ii
9860,609,Lalgola
9861,609,Raninagar - I
9862,609,Hariharpara
9863,609,Suti - I
9864,609,Jalangi
9865,609,Bhagawangola - I
9866,609,Berhampore
9867,609,Beldanga - I
9868,609,Khargram
9869,609,Murshidabad Jiaganj
9870,609,Nabagram
9871,609,Bharatpur - I
9872,609,Burwan
9873,609,Kandi
9874,609,Raninagar - Ii
9875,609,Bhagawangola - Ii
9876,609,Raghunathganj - Ii
9877,609,Suti - Ii
9878,609,Farakka
9879,609,Sagardighi
9880,609,Raghunathganj - I
9881,609,Domkal
9882,609,Samserganj
9883,609,Palsanda
9884,609,Behrampore
9885,609,Raninagar-ii
9886,609,Bharatpur - Ii
9887,610,Nakashipara
9888,610,Kaliganj
9889,610,Krishnagar - I
9890,610,Krishnagar-ii
9891,610,Karimpur Ii (mohisbatan)
9892,610,Krishnagar - Ii
9893,610,Karimpur I
9894,610,Debagram
9895,610,Krishnanagar-i
9896,610,Nabadwip
9897,610,Chapra
9898,610,Dhubulia
9899,610,Tehatta I
9900,610,Nowda (murshidabad)
9901,610,Karimpur Ii
9902,610,Sreemayapur
9903,610,Tehatta
9904,610,Tehatta Ii
9905,610,Plashipara
9906,610,Krishnanagar Ii
9907,610,Krishnanagar I
9908,610,Krishnaganj
9909,610,Na
9910,610,Burdwan
9911,610,Krishnangar Ii
9912,610,Palashipara
9913,610,Dogachhi
9914,610,Krishnanagar Municipality
9915,610,Krishnagar I
9916,610,Hanskhali
9917,610,Krishnagar
9918,610,Tehatta - I
9919,610,Krishnagar-i
9920,610,Nabadwip Municipality
9921,610,Kalligang
9922,610,Bethuadahari
9923,610,Shikarpur Bdo I
9924,610,Nowda
9925,610,Purbasthali I
9926,610,Nazrpur
9927,610,Santipur
9928,610,Chakdah
9929,610,Chakdaha
9930,610,Ranaghat-ii
9931,610,Ranaghat-i
9932,610,Ranaghat - Ii
9933,610,Haringhata
9934,610,Hanskhlai
9935,610,Ranaghat - I
9936,610,Ranagaht-ii
9937,610,Haringhat
9938,610,Ranaghat
9939,610,Ranaghat-i/ii
9940,606,North 24 Paraganas
9941,606,Ichapur
9942,606,Barrackpore
9943,606,Athpur
9944,606,Kanchrapara
9945,606,Barrackpur - I
9946,606,Belgharia
9947,606,Palta
9948,606,Bhatpara
9949,606,Titagarh]
9950,606,North 24 Parganas
9951,606,Jagatdal
9952,606,Fingapara
9953,606,Garulia
9954,606,Gorifa
9955,606,Halishahar
9956,606,N.c.pukur
9957,606,Kankinara
9958,607,Diamond Harbour - I
9959,607,Gosaba
9960,607,Na
9961,607,Baruipur
9962,607,Bishnupur - I
9963,607,Canning - I
9964,607,Falta
9965,607,Kulpi
9966,607,Mathurapur - Ii
9967,607,Mathurapur - I
9968,607,Bakrahat
9969,607,Jaynagar - Ii
9970,607,Sonarpur
9971,607,Jaynagar - I
9972,607,Budge Budge - I
9973,607,Canning
9974,607,Budge Budge - Ii
9975,607,Mandirbazar
9976,607,Patharpratima
9977,607,Bhangar - I
9978,607,Kultali
9979,607,Kakdwip
9980,607,Bishnupur
9981,607,Budge Budge
9982,607,Bishnupur - Ii
9983,607,Sagar
9984,607,Champahati
9985,607,Namkhana
9986,607,Magrahat - Ii
9987,607,Magrahat - I
9988,607,Diamond Harbour - Ii
9989,607,Basanti
9990,607,Canning - Ii
9991,607,Magrahat Taluk
9992,607,Thakurpukur Mahestola
9993,611,Port  Blair
9994,612,Diglipur
9995,612,Rangat
9996,611,Ferrargunj
9997,611,Port Blair
9998,613,Nancowrie
9999,613,Carnicobar
10000,611,Portblair
10001,611,Hut Bay
10002,612,Port Blair
10003,612,Mayabander
10004,613,Nancorie
10005,614,Cooch Behar
10006,614,Mathabhanga - Ii
10007,615,Alipurduar - I
10008,614,Tufanganj
10009,614,Mathabhanga
10010,615,Alipurduar
10011,614,Na
10012,615,Kalchini
10013,614,Dinhata
10014,614,Dinhata - I
10015,614,Sitalkuchi
10016,614,Cooch Behar - I
10017,615,Alipurduar - Ii
10018,614,Mathabhanga`
10019,614,Tufanganj - Ii
10020,614,Sitai
10021,614,Alipurduar
10022,614,Tufanganj - I
10023,614,Cooch Behar - Ii
10024,614,Dinhata - Ii
10025,615,Kumargram
10026,614,Mathabhanga - I
10027,616,Kalimpong -i
10028,616,Kharibari
10029,616,Kalimpong - Ii
10030,616,Kurseong
10031,616,Darjeeling
10032,616,Rangli Rangliot
10033,616,Phansidewa
10034,616,Darjeeling Pulbazar
10035,616,Kalimpong
10036,616,Jorebunglow Sukiapokhri
10037,616,Siliguri
10038,615,Rajganj
10039,616,Matigara
10040,616,Naxalbari
10041,616,Mirik
10042,615,Jalpaiguri
10043,616,Gorubathan
10044,615,Falakata
10045,614,Mekhliganj
10046,615,Dhupguri
10047,615,Madarihat
10048,616,Garubathan I
10049,615,Mal
10050,615,Nagrakata
10051,614,Mekliganj
10052,615,Maynaguri
10053,614,Haldibari
10054,615,Mathabhanga
10055,615,Matteli
10056,614,Jalpaiguri
10057,615,Dhupguri Sadar
10058,616,Mal
10059,615,Haldibari
10060,615,Jalpaiguri Sadar
10061,615,Mekhliganjs.o.
10062,615,Madari Hat
10063,615,Matelli
10064,617,Old Malda
10065,617,Habibpur
10066,617,Habibpur  (arajimistrabati)
10067,617,Habibpir
10068,617,Gajol
10069,617,Kaliachak
10070,617,Kaliachak-1
10071,617,Amarsinghi
10072,617,Englishbazar
10073,617,Ratua-ii
10074,617,Chanchal
10075,617,Harishchandrapur
10076,617,Ratua
10077,617,Kaliachak-ii
10078,617,Manikchjak
10079,617,Kaliachak-i
10080,617,Bamangola
10081,617,Kaliachak-iii
10082,617,Manikchak
10083,617,Bulbulchandi
10084,617,Lakshipur
10085,617,Goripur
10086,617,Chariantatapur
10087,617,Chorolmoni
10088,617,Dalla
10089,617,Silampur
10090,617,Damaipur
10091,617,Hatinda
10092,617,Mothabari
10093,617,Deotala
10094,617,Dighalbar
10095,617,Habibpur (srirampur Anchal)
10096,617,Gangadevi
10097,617,Gouramari
10098,617,Baishnabnagar
10099,617,Uttar Lakshmipur
10100,617,Hardamnagar
10101,617,Mozampur
10102,617,Jagannathpur
10103,617,Pashchim Narayanpur
10104,617,Kaliacahak
10105,617,Panchanandapur
10106,617,English Bazar
10107,617,Kadamtala
10108,617,Ratua Ii
10109,617,Ratua -i
10110,617,Kanturka
10111,617,Kashimpur
10112,617,Kharba
10113,617,Aktail
10114,617,Bamongola
10115,617,Koilabad
10116,617,Kotalpur
10117,617,Sahajalalpur
10118,617,Krishnapur
10119,617,Kumarganj
10120,617,Kushida
10121,617,Mabarakpur
10122,617,Malior
10123,617,Alal
10124,617,Kaliachak Ii
10125,617,Miahat
10126,617,Mariary
10127,617,Paro
10128,617,Patul
10129,617,Pipla Kashimpur
10130,617,Pukuria
10131,617,Silampur-ii
10132,617,Chowki Mirdadpur
10133,617,Ratua-i
10134,617,Gajol.
10135,617,Andhirampara
10136,617,Khanpur Hubaspur 165
10137,617,Habibpuir
10138,617,Srirampur (habibpur)
10139,617,Sripur
10140,617,Baro Sujapur
10141,617,Harishchandrapur -ii
10142,617,Talbangrua
10143,617,Talgachhi
10144,617,Talgram
10145,617,Talsur
10146,617,Tulsihatta
10147,617,Akandaberia
10148,617,North Jadupur
10149,618,Ranipool
10150,618,Rhenock
10151,619,Gayzing
10152,619,Jorethang
10153,620,Namchi
10154,618,Singtam
10155,620,Ravangla
10156,618,Pakyong
10157,618,Pelling
10158,618,Gangtok
10159,618,Rangli
10160,621,Chungthang
10161,619,Pelling
10162,618,Dikchu
10163,618,Rangpo
10164,621,Mangan
10165,620,Melli
10166,618,Ranipool / Gangtok
10167,620,Jorethang
10168,618,East District
10169,622,Tapan
10170,623,Kaliganj
10171,623,Karandighi
10172,623,Islampur
10173,622,Kushmandi
10174,622,Balurghat
10175,623,Dalkhola
10176,622,Kumarganj
10177,623,Chopra
10178,622,Gangarampur
10179,622,Banshihari
10180,623,Kaliyaganj
10181,622,Harirampur
10182,623,Goalpukher
10183,623,Raiganj
10184,623,Itahar
10185,623,Goalpokhar - I
10186,623,Goalpokhar - Ii
10187,622,Bansihari
10188,622,Kumargunj
10189,623,Kaliaganj
10190,623,Ilsmapur
10191,617,Gazole
10192,622,Hili
10193,623,Hemtabad
10194,622,Hilli
10195,622,Kushmundi
10196,622,Balurgthat
10197,624,Salanpur
10198,624,Kulti Mc
10199,624,Laudoha
10200,624,Barabani
10201,624,Kanksa
10202,624,Durgapur Mc
10203,624,Faridpur Durgapur
10204,624,Pandabeswar
10205,624,Andal
10206,624,Raniganj
10207,624,Jamuria
10208,624,Baraboni
10209,624,Asansol Mc
10210,624,Raniganj Mc
10211,624,Na
10212,624,Durgapur Municipal Corporation
10213,624,Duragpur Mc
10214,624,Pandaveshwar
10215,624,Jamuriahat
10216,624,Pandaveshwr
10217,624,Raniganj Municipality
10218,625,Onda
10219,625,Indpur
10220,625,Vishnupur
10221,625,Patrasayer
10222,625,Raipur
10223,625,Ranibundh
10224,625,Indus
10225,625,Chhatna
10226,625,Gangajalghati
10227,625,Ranibandh
10228,625,Kotalpur
10229,625,Bishnupur
10230,625,Sonamukhi
10231,625,Indas
10232,625,Bankura - I
10233,625,Bankura
10234,625,Kotulpur
10235,625,Mejhia
10236,625,Khatra
10237,625,Joypur
10238,625,Jaypur
10239,625,Saltora
10240,625,G.ghati
10241,625,Mejia
10242,625,Simlapal
10243,625,Sarenga
10244,625,Barjora
10245,625,Bankura - Ii
10246,625,Taldangra
10247,625,Hirbandh
10248,625,Borjora
10249,625,Bishnpur
10250,624,Gushkara
10251,624,Burdwan
10252,624,Galsi - Ii
10253,624,Ketugram - I
10254,624,Katwa - Ii
10255,624,Katwa
10256,624,Burdwan - I
10257,625,Katwa
10258,624,Ausgram - Ii
10259,624,Bhatar
10260,624,Memari
10261,624,Kalna
10262,624,Mangolkote
10263,624,Katwa - I
10264,624,Ketugram - Ii
10265,624,Raina - Ii
10266,624,Ausgram - I
10267,624,Memari - I
10268,624,Burdwan - Ii
10269,624,Kalna - Ii
10270,624,Memari - Ii
10271,624,Jamalpur
10272,624,Bhater
10273,624,Guskara
10274,625,Kalna
10275,624,Galsi - I
10276,625,Na
10277,625,Memari
10278,624,Khandaghosh
10279,609,Katwa
10280,624,Raina - I
10281,624,Manteswar
10282,624,Purbasthali - I
10283,624,Burdwan Sadar
10284,624,Kalna - I
10285,624,Purbasthali - Ii
10286,624,Burddwan
10287,625,Bhatar
10288,624,Bhatart
10289,626,Adasimla
10290,627,Ajodhyapur
10291,627,Ajoya
10292,626,Akanda
10293,626,Akpura
10294,627,Alamchak Belda
10295,627,Alangiri
10296,627,Alankarpur
10297,627,Alukaranbarh
10298,626,Amarda
10299,627,Amarpur
10300,627,Amarshi
10301,626,Amda
10302,627,Amtalia
10303,627,Analberia
10304,626,Andhari
10305,626,Andhari Maubhandar
10306,626,Angua
10307,626,Anikola
10308,627,Argoal
10309,627,Argora
10310,627,Arjunnagar
10311,626,Asda
10312,627,Astichak
10313,627,Aswathapur
10314,627,Atbati
10315,627,Contai
10316,627,Aurai
10317,627,Ayma Barbaria
10318,626,Babla
10319,626,Bachhurkhoyar
10320,626,Baghasti
10321,626,Baharadari
10322,627,Baharganj
10323,627,Bahitrakunda
10324,626,Bahurupa
10325,627,Baikunthapur
10326,627,Baitabazar
10327,626,Bakhrabad
10328,626,Bakrachak
10329,627,Baksispur
10330,626,Bakurpada
10331,627,Balageria
10332,626,Baligeria
10333,627,Balighai
10334,627,Balisai
10335,627,Ballyagobindapur
10336,627,Bamanbarh
10337,626,Belmula
10338,627,Banamalichatta
10339,626,Bandhuchak
10340,626,Banisole
10341,626,Banjhatia
10342,627,Bankibheri
10343,627,Bankiput
10344,627,Bansgora Bazar
10345,626,Banskuthi
10346,627,Barabantalia
10347,627,Barabari South
10348,627,Barabatia
10349,626,Barachara
10350,627,Barada Bazar
10351,626,Barakalankai
10352,626,Baranegui
10353,626,Barangi
10354,627,Baranihary
10355,627,Baratala
10356,627,Baraudaypur
10357,627,Barhat
10358,627,Barida
10359,627,Barida Bazar
10360,627,Barmakhal
10361,627,Bartana
10362,627,Basantia
10363,627,Basudebberia
10364,627,Basudebpur
10365,626,Basuli Bazar
10366,627,Bathuary
10367,627,Battala
10368,626,Bayenda
10369,626,Begunia
10370,626,Belda
10371,627,Benachakri
10372,626,Benadiha
10373,627,Benichak
10374,626,Bhadrakali
10375,626,Bhaghadari
10376,627,Bhajachauli
10377,626,Bhasra
10378,627,Bhatda
10379,627,Bhawanichak
10380,627,Bhimeswaribazar
10381,627,Bhuniajibarh
10382,627,Bhupatinagar
10383,627,Bibhisanpur
10384,627,Bidurpur
10385,626,Binandapur
10386,626,Birbira
10387,627,Bishnupur
10388,627,Biswanathpur
10389,627,Bodhra
10390,627,Boga
10391,627,Bolkhusda
10392,626,Bonai
10393,626,Bonpura
10394,626,Borah
10395,626,Borai
10396,626,Brahamankhalisa
10397,627,Brajaballavepur
10398,627,Bulakipur
10399,626,Chak Islampur
10400,627,Chakbhabani
10401,626,Chakla
10402,626,Chakmahima
10403,626,Chandabila
10404,627,Chandanpur
10405,627,Chandanpurhat
10406,626,Chandkuri-batikati
10407,627,Chapatala
10408,627,Chatla
10409,627,Chaudachulli
10410,626,Chaulia
10411,627,Chaulkhola
10412,626,Chhatorekole
10413,627,Chhatri
10414,626,Chhorda
10415,627,Chhoto Srikrishnapur
10416,626,Chotta-chatla
10417,626,Chilkipada
10418,627,Chingurdania
10419,627,Chirulia
10420,627,Chorpalia
10421,626,Chunpara
10422,627,Dakshin Kalyanpur
10423,627,Daisai
10424,627,Dakhinbadalpur
10425,627,Dakhin Sandalpur
10426,627,D.kalamdan
10427,627,Dakshin Kalynpur
10428,627,Damodarpur
10429,626,Dantan
10430,627,Dariapur
10431,627,Darua
10432,626,Dasagram
10433,627,Daudpur
10434,627,Dekhali
10435,627,Depal
10436,627,Deshdattabarh
10437,627,Deulbarh
10438,627,Deuli
10439,626,Deulinekurseni
10440,627,Deulpota Keshabchak
10441,626,Dhalbelun
10442,627,Dhandalibarh
10443,627,Dhangaon
10444,626,Dhangarpara
10445,627,Dhanghara
10446,627,Dhankrabanka
10447,627,Dholmari
10448,626,Dhuipada
10449,626,Dhumsai
10450,627,Digha
10451,627,Dighadari
10452,626,Dobaria
10453,626,Dokra
10454,626,Dolgram
10455,627,Dubda
10456,626,Dumandari
10457,626,D.s.boni
10458,626,Duria
10459,627,Durmuth
10460,627,Egra
10461,626,Ekarukhi
10462,627,Erenda
10463,627,Fuleswar
10464,626,Fulgeria
10465,626,Gaganeswar
10466,626,Gaita
10467,626,Ganasarisa
10468,627,Gangadharchak
10469,626,Garh Haripur
10470,626,Garh Radhanagar
10471,626,Garh-monoharpur
10472,627,Garia
10473,626,Gazipur
10474,627,Ghatua Purusottampur
10475,627,Ghoraghata
10476,627,Gobra
10477,627,Gokulpur
10478,626,Gomunda
10479,627,Gopalchak
10480,627,Gopichak
10481,627,Haipur
10482,627,Haldia Patna
10483,627,Haludbari
10484,626,Handlarajgarh
10485,627,Haria
10486,627,Hatbaincha
10487,627,Hatgopalpur
10488,627,Hirapur
10489,626,Dibarpanda
10490,627,Ichabari
10491,627,Islampur
10492,627,Itaberia
10493,627,Jabda
10494,626,Jahalda
10495,627,Jahanabad
10496,626,Jamirapalgarh
10497,626,Jamsole
10498,627,Jamua Sankarpur
10499,627,Jamualachimpur
10500,627,Janka
10501,627,Jasteghori
10502,626,Jenkapur
10503,627,Jerthan
10504,626,Jhanjianankar
10505,626,Jharia
10506,627,Jhawa
10507,627,Jhawgeria
10508,627,Jukhia Bazar
10509,627,Juki
10510,627,Jumki
10511,627,Junboni
10512,626,June Belda
10513,627,Junput
10514,627,Kaithore
10515,627,Kajli
10516,626,Kakrajit
10517,627,Kalagachia
10518,626,Kalasbarh
10519,627,Kalindi
10520,627,Kalindi Teghari
10521,626,Kalmapukhuria
10522,627,Kalsi
10523,627,Kalyanpur Tentulmuri
10524,627,Kamarda Bazar
10525,627,Kanaidighi
10526,627,Kanakpur
10527,627,Kandagram
10528,626,Kanpur
10529,627,Kantai
10530,626,Kanthalia
10531,627,Karaldanimakbarh
10532,627,Karanji
10533,627,Kartikkhali
10534,627,Kasaria
10535,627,Kasbagola
10536,626,Kashimpur
10537,626,Kashipur
10538,627,Katka Debichak
10539,627,Katranka
10540,627,Kayemgeria
10541,627,Kekai
10542,626,Keshiapada
10543,626,Keshiary
10544,626,Keshrambha
10545,627,Keunchia
10546,626,Keut Khalisa
10547,627,Keutgeria
10548,627,Khagda
10549,626,Khakurda
10550,626,Khalina
10551,627,Khalisabhanga
10552,627,Khar
10553,626,Kharikamathani
10554,627,Kharuigarh
10555,626,Khatnagar
10556,627,Khejurda
10557,627,Khejuri
10558,626,Khurshi
10559,627,Khurutia
10560,626,Kolanda
10561,626,Konarpur
10562,627,Koria
10563,626,Kotaigarh
10564,626,Kotepada
10565,627,Krishnanagar Contai
10566,626,Kukai
10567,627,Kulanjara
10568,626,Kuldiha
10569,627,Kultikri Aranga
10570,626,Kultikri
10571,626,Kumarda
10572,627,Kumirda
10573,627,Kunjapur
10574,626,Kushbasan
10575,626,Kuishgeria
10576,626,Kutki
10577,627,Lakhi
10578,627,Lakshmanchak
10579,626,Lalat
10580,626,Lalitapur
10581,626,Lalnagar
10582,627,Lalua
10583,626,Laudaha
10584,626,Laudangri
10585,626,Lengamara
10586,626,Lohabaranchak
10587,627,Madanmohanpur
10588,627,Mahespur
10589,627,Mahisagote
10590,627,Maisali
10591,627,Maitana
10592,627,Majna
10593,627,Makrampur
10594,626,Makrampurbazar
10595,626,Maljamuna
10596,627,Mandar
10597,627,Mandarpur
10598,627,Manglamaro
10599,627,Manikabasan
10600,627,Manikjore
10601,627,Marisda
10602,626,Markanda
10603,627,Mathura
10604,626,Matibaruan
10605,627,Medakhali
10606,626,Menkapur
10607,627,Mirgoda
10608,626,Mirzapur Belda
10609,626,Mohanpur
10610,627,Mohati
10611,626,Morchi
10612,627,Mugberia
10613,626,Murabani
10614,627,Murisai
10615,626,Mustafapur
10616,626,Nachhipur
10617,627,Nachinda
10618,626,Nagripada
10619,627,Naipur
10620,627,Namal
10621,627,Namaldiha
10622,626,Nankarmaguria
10623,627,Narandia
10624,626,Narayangarh
10625,626,Narda
10626,627,Narkuli
10627,627,Naskarpur
10628,626,Nayagram
10629,627,Nayaput
10630,627,Negua
10631,626,Nekrasole
10632,626,Nekurseni
10633,627,Nijkasba
10634,626,Nilda
10635,627,Noonhanda
10636,627,North Biswanathpur
10637,626,Paika
10638,627,Pailachhanpur
10639,627,Paldhui
10640,627,Palpara
10641,626,Palsandapur
10642,627,Panchahari
10643,627,Panchetgarh
10644,627,Panchrol
10645,627,Panchuria
10646,627,Pania
10647,627,Panichiary
10648,627,Paniparul
10649,627,Pankhai
10650,626,Paragana
10651,626,Paroi
10652,627,Paschim Bamunia
10653,627,Paschim Manikpur
10654,627,Patashpur
10655,626,Pathra
10656,627,Paushi
10657,627,Paya-medinipur
10658,626,Phandar
10659,627,Pichabani
10660,627,Pirijkhanbarh
10661,626,Porolda
10662,627,Pratapdighi
10663,627,Purba Madhabpur
10664,627,Purbaradhapur
10665,626,Purunda
10666,627,R.p.barh
10667,626,Rajnagar
10668,627,Ramchak
10669,627,Ramnagar
10670,626,Rampura
10671,626,Ranbonia
10672,627,Ranisai
10673,627,Rasan
10674,626,Rautara
10675,626,Rautarapur
10676,626,Remu
10677,626,Renjura
10678,626,Reripur
10679,626,Rohini
10680,627,Sabajput
10681,626,Sabra
10682,627,Sadihat
10683,627,Sadikpur
10684,627,Safiabad
10685,627,Sagareswar
10686,627,Sahara
10687,626,Salikotha
10688,626,Saljora
10689,626,Saluka
10690,626,Sansadgopinathpur
10691,626,Santrapur
10692,626,Saorapin
10693,627,Sarada
10694,627,Saridaspur
10695,627,Saripur
10696,627,Sarpai
10697,626,Sarrang
10698,626,Sarta
10699,627,Satbahini
10700,627,Satilapur
10701,627,Satkhanda Sahebnagar
10702,627,Satmile
10703,626,Satpautia
10704,627,Saulabheri
10705,626,Sauri
10706,626,Sautia
10707,627,Selmabad
10708,627,Serkhanchak
10709,627,Shipur
10710,627,Shyampur
10711,627,Sillyaberia
10712,626,Singaijamuna
10713,627,Sisusadan
10714,626,Siyalsai
10715,626,Sonakonia
10716,627,Srirampur
10717,627,Subdi
10718,627,Sukhakhola
10719,626,Sukharole
10720,626,Susunia
10721,627,Susunia
10722,627,Tagaria
10723,627,Tagharia
10724,627,Takapura
10725,626,Talda Ratanchak
10726,626,Tanua
10727,626,Tararui
10728,626,Tarua
10729,627,Telami
10730,627,Tengunia
10731,626,Tentuliabhumjan
10732,627,Na
10733,626,Thakurchak
10734,627,Thakurnagar
10735,627,Tikashi
10736,626,T.mahisamunda
10737,627,Totanala
10738,626,Tufuria Kalmapur
10739,626,Turka Kashba
10740,626,Turkagarh
10741,626,Uchudiha
10742,627,Udbadal
10743,626,Uparjagatpur
10744,627,Urdhabpur
10745,627,Ururi
10746,627,Uttar Amtalia
10747,627,Uttar Asda
10748,627,Uttar Badalpur
10749,626,Uttar Dumurkhola
10750,627,Uttar Gobindapur
10751,627,Uttar Kalamdan
10752,627,Uttar Kanpur
10753,626,Uttar Ranibarh
10754,627,Uttarharaschak
10755,627,Uttar-tajpur
10756,628,Addconagar
10757,628,Guptipara
10758,628,Magra
10759,628,Pursurah
10760,628,Puinan
10761,628,Dhaniakhali
10762,628,Pandua
10763,628,Arambag
10764,628,Arambagh
10765,628,Goghat-i
10766,628,Goghat - Ii
10767,628,Polba - Dadpur
10768,628,Goghat-ii
10769,628,Bhanderhati
10770,628,Ilsomandalai
10771,628,Balagarh
10772,628,Khanakul 2b
10773,628,Gurap
10774,628,Boinchi
10775,628,Chinsurah - Magra
10776,628,Khamargachi
10777,628,Bansberia
10778,628,Bhandarhati
10779,628,Itachuna
10780,628,Na
10781,628,Chinsurah
10782,628,Khanpur
10783,628,Khanakul-i
10784,628,Raina
10785,628,Dasghara
10786,628,Bandel
10787,628,Pursurah.
10788,628,Ilsobamandali
10789,628,Nayasarai
10790,628,Khanakul I.b
10791,628,Khanakul-2b
10792,628,Ilsobamandal
10793,628,Khanakul-1b
10794,628,Goghat-1
10795,628,Pursura
10796,628,Khanakul2b
10797,628,Goghat - I
10798,628,Khanakul 1b
10799,628,Chandannagar
10800,628,Serampore
10801,624,Chandannagar
10802,628,Singur
10803,628,Jangipara
10804,628,Serampur Uttarpara
10805,628,Burdwan
10806,628,Chanditala - Ii
10807,628,Chandanagar
10808,628,Tarakeswar
10809,629,Jangipara
10810,624,Tarakeswar
10811,628,Haripal
10812,628,Chanditala - I
10813,628,Chandangar
10814,629,Bally Jagachha
10815,629,Howrah
10816,629,Sankrail
10817,629,Domjur
10818,629,Uluberia - I
10819,629,Uluberia - Ii
10820,629,Amta - Ii
10821,629,Jagatballavpur
10822,629,Panchla
10823,626,Midnapore
10824,626,Binpur-i
10825,626,Garhbeta-i
10826,626,Jhargram
10827,626,Pingla
10828,626,Debra
10829,626,Gopiballavpur-ii
10830,627,Panskura-i
10831,626,Garhbeta-ii
10832,626,Garhbeta-iii
10833,626,Sabang
10834,626,Ballichak
10835,626,Kharagpur
10836,626,Binpur-ii
10837,626,Gopiballavpur-i
10838,626,Jamboni
10839,626,Kharagpur-i
10840,626,Chandrakona-i
10841,626,Ghatal
10842,626,Salboni
10843,626,Salbani
10844,626,Garhbeta
10845,630,Midnapore
10846,626,Daspur-i
10847,626,Keshpur
10848,627,Midnapore
10849,626,Na
10850,626,Hgatal
10851,626,Kharagpur-ii
10852,626,Chandrakona-ii
10853,626,Garheta
10854,626,Sankrail
10855,626,Daspur-ii
10856,631,Santaldih
10857,631,Adra
10858,631,Raghuathpur
10859,631,Bundwan
10860,631,Hura
10861,631,Sirkabad
10862,631,Bagmundi
10863,631,Purulia - I
10864,631,Barabhum
10865,631,Hutmura
10866,631,Anara
10867,631,Para
10868,631,Arsha
10869,631,Tulin
10870,631,Raghunathpur
10871,631,Puncha
10872,631,Anara Rs
10873,631,Purulia
10874,631,Jhalda
10875,631,Jaipur
10876,631,Jiudaru
10877,631,Barabazar
10878,631,Balakdih
10879,631,Kashipur
10880,631,Garjaipur
10881,631,Chharrah
10882,631,Kotshila
10883,631,Manbazar - Ii
10884,631,Manbazar
10885,631,Balarampur
10886,631,Manbazar - I
10887,631,Raghunathpur - Ii
10888,631,Kenda
10889,631,Manguria
10890,631,Bagmudni
10891,631,Neturia
10892,631,Joypur
10893,631,Baghmundi
10894,631,Kalapathar
10895,631,Santuri
10896,631,Jhalda - Ii
10897,631,Purulia - Ii
10898,631,Manihara
10899,631,Baghmudni
10900,631,Murardih
10901,631,Ramkanali
10902,631,Purulia Ii
10903,631,Bagmundih
10904,631,Manbazar Ii
10905,631,Jhalda Ii
10906,631,Raghunath Pur I
10907,631,Jhalda I
10908,627,Tamluk-i
10909,627,Sutahata
10910,627,Reapara
10911,627,Sahid Matangini
10912,627,Panskura
10913,627,Nandigram-ii
10914,627,Nandigram-i
10915,627,Nandigram
10916,627,Mahisadal
10917,627,Arankiarana
10918,626,Daspur
10919,627,Panskura-ii
10920,627,Kajlagarh
10921,627,Nandigram-iii
10922,627,Moiyna
10923,627,Bhagawanpur-ii
10924,627,Tamkluk-i
10925,627,Moyna
10926,626,Khukurdaha
10927,627,Panakura
10928,627,Haldia Municipality
10929,627,Nandakumar
10930,627,Haldia
10931,627,Tamluk
10932,627,Chandipur
10933,627,Bhagawanpur
10934,627,Sahidmatangini
10935,627,Bhawanpur
10936,627,Bhagwarpur
10937,627,Bhagwanpur
10938,626,Panskura
10939,627,Nandigram Ii
10940,627,Haldiamunicipality
10941,627,Panskura Ii
10942,627,Daspur
